Fecha,Título,Enlace,Fuente,Término,Adjetivos,Sentimiento,Palabras Clave,Dominio Limpio
06/12/2025,"“Si Abelardo no está, entonces podemos pensar en una gran consulta que sea sin Abelardo y hasta Fajardo”: Vicky Dávila",https://news.google.com/rss/articles/CBMi9gFBVV95cUxPYnQyU3dqY1BPOWcycGNKOHhYdjFGRUkxMW5uMTRYWEJkbkhGNXNvdFpUTzdxR0VJT3RNcFBsZXFKclpuUkpkaGpzOTVPQ19OMVZEUGJrRzJPVS14Xy1mU3U1YmhWOXdUVzBtSE1qbnd2ZmVNc01KRFBaVzljZUw2OU42QTJkeTlkUDZsNGhBSVYwMXBSdnlSQ2pRLVFhUTY2QlFLb3JuUUtjVS1CWkptSFkwQUxDU0tDWjBOay1uMzVfUU5DS3RJdHh1Y3d1UFZHQUN2MGdpSG9BVUtUS0tzSkZ4aWtlZDVtbWp1Ynk2YlJJcVltM1HSAfsBQVVfeXFMTy1QNFdrS0JBdGNiX0NpdUpNNXp1ZmFZWHNYN1hoQmRhSmJDR0VsSWxvcUFJODhSWVdJcklzdHV5WGJ6amZmY1FXc2VLa1NFSDZ5NXl5MVNUQ0NScVNiRXFuY29HTnlIeVhMTGtDZkNHR2ZGSkZUWDZlbjdjUUt1NXl2RWQtTlVsTUZ4YjNmQjFQOFQtMC1nLWYxSlJhZmUtWHhlZE10WlN4eXRIOGhRM21vc2dtMUhnUnlYUUFqSEdMY29FSHl5RTZwTnlmWjNsaC1OUm16QVJkbTBGWENnTUNKbkxuZGxtMTVWNXFhOXBTOHVZNW1LSXJYa2s?oc=5,semana.com,Sergio Fajardo,['gran'],Neutral,,semana.com
06/12/2025,"“Vamos bien, por eso están asustados y me insultan”: Sergio Fajardo",https://news.google.com/rss/articles/CBMiwwFBVV95cUxQWkFHV3ljUDVwdEo4dEltZHlPVGl1TTNoMjRya3dxLXlVd1FUZjNvYnpCRWUxaXJWODNycjBMaWFKcmJaZ011c003Z05saXBSMUMwZ3NUc1N0cllicTdPZGZFZFpFTnRKNVZ4c3Vxc0xUYmt6aXE3bDJTVkMweG1QSk0teDlTTXNTX2hpM0prTFRuQlprWTBXcWFKQVRjLUZhTEk2Q3J2VmlBZ1lsRXdVYUVackcwNzNFV1JzZThVLVU1YzDSAd4BQVVfeXFMTXlIRkhRV2pYOEdQcUFFNGkxbkh3dDZYRU5EaTdmbm5qazc2dVRuRTZnZjNGZ3dfblRGc1BRMTgtcHVBNmprM3YzbU42ekJZRmo5bFFtcllWVEIxRmRnUmxoOFExRDQ4R3lmemgtdGVmLVdVdUZxQWJ0RzFHSFB2WG5YYWtpQU5Tb3o1Tm5iU0xtNFdsbG5WNW5fMC10cWk4bGpjUzRYT3BHeVJfWmY2ZWRNdmU2S29IaVQwcDYybGxxWkF0Vm9La3c1ZlljMmFoeVBzVkRxU2dlSFFpWkZ3?oc=5,elheraldo.co,Sergio Fajardo,['asustados'],Neutral,,elheraldo.co
06/12/2025,El camino de Sergio Fajardo,https://news.google.com/rss/articles/CBMipwFBVV95cUxPNWRoOEZnLXVjNVZPbjBlMDBGSWhQckdPbkd4MU5LMzJ5dG01cGdsRjFUTUEteGNyMWRLcEpKZ3ZaVDBVMW9iSENTaW5OZ3A3dzBHZWFWeWRaT1QyUkgtcjI0Xzlob25uTGZ6d0dXZHVkS3VJLWU4ME9sT3dkZ0dPYml2Wm00SzNRZFpmSk1mcHF0WThyQVBRRTlwVmxDTFZacjJvTFIxUdIBpwFBVV95cUxPb2JONnVoZlA5bVJ6Y3dZRVU0MjJaOFZPTUZhUnpEUVEtRnZUNHBNNTRXSDkwX0R4UVEydThoWGdXNF9iUG1wN3ZfSXVidV9PWEpsYVV4SVhFemxHQmhNZWhHV2NiQ3Jsd1prVDloUFdpa1d2VVFfOW93enp1M2Y2TDdHSWVubVB1UTBLeTJHVzhFTlBFcUI3b1QxRS1xRXZvanZLeVpyRQ?oc=5,larepublica.co,Sergio Fajardo,[],Positiva,,larepublica.co
07/12/2025,¿De Fajardo a Abelardo?,https://news.google.com/rss/articles/CBMiowFBVV95cUxPZDZmOUFQb3Fqb3MwM2pqYk56UnBoNEcwZGc4Sk1Ub1h6VTd1eVY3Umg4LTNqbkZ3U0ZVZ3N3azRRX09waVAydDNpUDFidnVINC0tMHN0ZHdmaU5rZVNWNmt6cHY0YTI3a3c3azJEd0h4OS1ON196R2NiNnZ6Y0VUYmR2YV91R0c4N3puN05ncEpVSGJIcUtRWlZfRFFaTGpUN3Fv?oc=5,elcolombiano.com,Sergio Fajardo,[],Neutral,,elcolombiano.com
07/12/2025,De Fajardo a Abelardo,https://news.google.com/rss/articles/CBMif0FVX3lxTFAzTHlrQ2M3dkFvZUNNZDR6M3JITXpaVEk2WG10M1Y3dkM2SkFyTklsRHpSWmZmRlVwQVhadUVkVDVYRWJXTVFsdGY5ckswMll5MHA0VENJNzNnRGdwMTJLUnZlOTJjbjFxbHEySnZ2WEczTDVmOW5oa3NrWk4yZknSAYQBQVVfeXFMT3otOWlJZFE3VTZ0TkFwMG9iUjVnM1VOZUVBM1I0T0RhVV9ZRWxkTEpZUndMUHRpRm1lUVRjMUhwYVlzYWw0Ujd0YTBUZUFleGxzRXRCOTYwX0oycHZHc2hEUmp0a19tcDZnYTNrNDdCWVZFQm9ZbVhnVVRpTm5aa3pEWFlo?oc=5,eltiempo.com,Sergio Fajardo,[],Neutral,,eltiempo.com
07/12/2025,Fajardo puede ganar la Presidencia,https://news.google.com/rss/articles/CBMimwFBVV95cUxPQ0tDLXhRR2sxYnZDRTcwWWd3MUZLWEpsRmJsYlFVQUh2Tm9HV1hjTVRxTFpyS1dTZ0J1MUpTRDYzYzNHVmdlaml3QWI5VFN4SHB5Nmp2V0J6dUp2N2RodHhrU1VWbUE5bW5kSGZVazdlMGM3N3pDSktEc1FUX2VJYk1ldkJnc2MyeDhLd0tDbWI5eTVRcGRWcXUyQQ?oc=5,cambiocolombia.com,Sergio Fajardo,[],Positiva,,cambiocolombia.com
07/12/2025,"Vicky Dávila dice lo que piensa de Sergio Fajardo y revela una propuesta para el 2026: ""para él, todo mi respeto""",https://news.google.com/rss/articles/CBMi1wFBVV95cUxOT1o5NWFFcU96TEN4OGhFa0JTVWdxYWgyLWh4MFRpM0M2X0JOVzQ5d0llT2JfbUtuLW5IYlpxVkZsVVppUUg0N3hYbEZ0dGkxamNTamRJcU56YjVNN2J6WFNzbVBubGZJRlp3V00ySUdGcFVDZHIyXzEtaE91Z0pCN2l6NENyRW5xSGtHdnVCaWdDUjF5SENYQXZWS0V4NEh3Q08zLU8zX09senIyM0trTTRia09uWDlvMDVvZnUwNmU4TjRkdHpmV3pWSGhuVHVaeExQSHFCd9IB3AFBVV95cUxOZHNlUXFiY2JvZTd1T2MydUU0NUVveGtRWjFNX1BOaGRzbkktN3k0ZmFyb3RHZ21TU2dqSERvOGQweG9fOFdvZC12SnA5cl9SdFpTZ2VCWXhtdUltQUxKZEhWSGtYYXVna3NpcTJlbXUxMDVzbmpSMUdGVG1LNFBXYzF4ODZINHJES2ozUUExRUhXZHVkWmRsTWhsY3NOdWdnOVdyVFFqV3FzdC11bFJiNDZtSFkzTG5FTllhM2NMcDktdGlSMnF6aXFIb1RPeDM3ckFUbnJRTjlNTEFZ?oc=5,semana.com,Sergio Fajardo,[],Positiva,,semana.com
08/12/2025,Sergio Fajardo descarta participar en una consulta interpartidista en marzo e irá directo a primera vuelta: 'No son el camino',https://news.google.com/rss/articles/CBMigwJBVV95cUxQaDBGZ0NnTVliY280RWxmODh4d2hfRXg2em5nZEJ2QU1FTmhpY2xxenRDLXRBMEh0T1Z4VUk3eUZHTnZ3M28yUl9HRmZ1aUFmVzI4WVBBNXBpUGNBT0NxV3U5MF85RUtCTFlwa0hTSWFjNkVNMFdRZVFhUHRYc3l4Rmg5V3l2ZW1laDRtLS02ZlQwYnVTR3ZGbEtkOE9rMk5Xem5CUkZqMHNDc2syWVh4NXJoclU4Vm5uaWhXc3dkQ2p1UUROT1Q0NVJCcWszOHN2V24wajJldFJUQ1NxMFRYR09PMFFlWXlvRTdEaXVycV9KTkgwMzNmN2hZYlZLZk1XNkNZ0gGIAkFVX3lxTE5kODNOSXpEVWZCdlkzczBPa2tKSFpMeERoaWcwSllhZmd2Y3JvUC1EZDZMbWdNRjV1dUJFVk8tLThnS0VlUmQ0eXJ5Q3BZbklULU9DZnlxZ2N4bDQtV3hyYlR4MURUbndUTFdKMm5wcjM3SmQ1ekpjQ3JHT2l4WVhmZkgxcTQxd2Z4V19ETzVfc1JXUlMxN0ZkY3lEeGc4R21acEdhbDJpU1Y1REdNeWxFVENpMEdaRGVtMGRLRHY4ZHpDVi05YWJOQ0JhSmtwNEdVRlF4TlVpWW4yajJBbkEyOU9rY0pTWmRlcTBMaUl5T2MycUExUmNIVVk5ZndMV2F3akc4eC1NYw?oc=5,eltiempo.com,Sergio Fajardo,"['interpartidista', 'directo', 'primera']",Neutral,,eltiempo.com
08/12/2025,Sergio Fajardo no participará en consulta interpartidista: “Las consultas no son el camino”,https://news.google.com/rss/articles/CBMi1AFBVV95cUxNTmc0b2lrdWFzb1VzblI4Y2hJX1JKY1l2aERISnlWQjdhNm1POFBmOGN1Z3Bqcjl4MmZVOWZSaWw0YnpLZFJQZHNLYTZlcTEzUFNSRV9idnZUV1ZjYVFIWlBZeHo2NklaZXVtQS16YTVLWWNhZE1ObVFNMkVpMk5jQkRQMEdMNVY4STl5aFJaMlhBbXB0WTJJOGtYbXc5UXJkeDk4UkdJUXB1dXJ3MVZ2eko2MURDbGtLNUl2Q0diZWdfTC0wYkhhdWRPZlQwb3F1dWV3S9IB1AFBVV95cUxNTmc0b2lrdWFzb1VzblI4Y2hJX1JKY1l2aERISnlWQjdhNm1POFBmOGN1Z3Bqcjl4MmZVOWZSaWw0YnpLZFJQZHNLYTZlcTEzUFNSRV9idnZUV1ZjYVFIWlBZeHo2NklaZXVtQS16YTVLWWNhZE1ObVFNMkVpMk5jQkRQMEdMNVY4STl5aFJaMlhBbXB0WTJJOGtYbXc5UXJkeDk4UkdJUXB1dXJ3MVZ2eko2MURDbGtLNUl2Q0diZWdfTC0wYkhhdWRPZlQwb3F1dWV3Sw?oc=5,caracol.com.co,Sergio Fajardo,['interpartidista'],Neutral,,caracol.com.co
08/12/2025,Sergio Fajardo descartó participar en consultas de marzo e irá directamente a primera vuelta,https://news.google.com/rss/articles/CBMiygFBVV95cUxQd2Noai1ic2dCaGJ2NTF5SkxYQTFwRFprQzBVX0JPSlczOTF2b0lGR29Mb3hGNFlzMkp2eTVDWDBHdzhOTVlTazdxcVFtbzhXQ0ZaMU9vVDQwZHM3NzVQMEVfWlpXRVMzQ2JuVjNqYVZ0c21jZnMtUDMyYXMtTzF5R1lDZkRESEw1dGJjcU94R2xjZGdJWEN5NWZXSHJUYUhpbTBhcVhfTGlQd1NVSENhSWtyVFNMT3NPa0gwSnVkMHVDRUt1dEVFMUx30gHeAUFVX3lxTE5qclJwbjR5Y0xCZXZJSGpIVks2Szc2YVhLdUtlSl9vN0F2UFRQVEtXbmMzaVVtcGU3QkdKUEZCdEZ6REd2TGZxR2ZXR3lQRXBWZk1id2xrWjVzSzNjM1pVbEdRcDBZOEc2OWZJOUJpQkxXTkhnck1sd3Z0Wl92Vl9vQzVIVEFTeEQ4dnRnNlhtdkNqZUxpTE9ySFhFU2hIZkRuMW5sSzNLcnFFRHowcmVRWjAxZWRTUWJyWnBLOGdHMGFzNF82NExaY3U5cjdxd2dld0N1Q1BlcW5pTWRsUQ?oc=5,wradio.com.co,Sergio Fajardo,['primera'],Neutral,,wradio.com.co
08/12/2025,"Sergio Fajardo no participará en ninguna consulta: ""Creo que hay otras alternativas para propiciar la unión""",https://news.google.com/rss/articles/CBMi5gFBVV95cUxOLV83QXI1cFAtS3N0LUt3SC13cEdJZU9ONV9YSWd0bk12bmp5WTZob3Z3R3I4eW5vV25mRkpaYUhJc3hSY0prbjl2VFVzWV9Jd3dzY2lZQzRSYmpwMkJpaks2QVJLYW8tbzNWd0QtWXZhazRiVUl3d2NtN3lpZERLMlhHUExnWTJQa0tXSTc5cjlJejVnNzdMSHZfblRhT1Zha3F3TkVKaWNqWEgzbFV6REp1bXJ0MTJMb1EwYXBNQW85U19YUkRTOXNyck54UVgtS2hYU1h6ZmlIVDFFdnZYTnJiZGZfd9IB5gFBVV95cUxPYnV6eFp3TFZXdUtnUVpZQW41RC04ZDJrTWNuYTY5ZWFVMk9xV3pHLU8td1NlRTN2b2hHbkU0RGRxOHI3azF2QnVmY0g1SmVwYWFteXZHYWpNRG5YaW54ZnhDc0ZseDFrUE9Ua2R1azJoa2pBLXhNQlh2UnV0ZUVTalQxVFBSTUE0eDA4QzV2cDlzVDc5YTR5eUhjY0EydXgyMTdVcjdPUW5weW40WkRrZmFkU3ZFa3h3d0NNZUlJemtOQkZVOExSdzBnQjRiNWJaQTJtQ2VvTk9pSTNsYkJxUGRDSF9Gdw?oc=5,lafm.com.co,Sergio Fajardo,[],Positiva,,lafm.com.co
08/12/2025,Sergio Fajardo anunció que no participará en las consultas de marzo 2026 por considerarlas polarizantes: “Colombia está mamada de los extremos”,https://news.google.com/rss/articles/CBMikwJBVV95cUxNOVNDRW15WTdrbmZmNk5iV3ZWdnJEUHA2cWNYb2NFUm1WUVBvMDlGZlp1VGRpSzVWQ0hXMjRqc05SWDdHYngyaWdScklINDVQRFZCWUZHRGNoRHRrQzFqSDQ0QTBVQW56NXhMSy1nbDY2NC05eVRuWUNUNFRMdGJhTjdVYnJQZmx1dk9hbVV4WkdOSjR4dXR0c1MxeVlFYWkyQ2ZaT19UUk8wRWtRTHJtTmtudnNRbmxlQWFCMlBXOVIwekZ4Wmw5T3VTci1ONzRsejNOY3gyUEd4QmZQbU5ocmN0ZUtPenppY3l0NU5TMHJLeTU5UUxkS2VZNEkwdXhZNllDUlpPSldJYW9uYWFZLUZLONIBrgJBVV95cUxPTDFvZG9Tbm5NS0p0TWVROHZvcldxZFN2dmdQVGRMWHRGYVNRSkNNTm5YSk1TYlVHQnNsVzkzUVlxZzU2MFBTYVVNYWdfTm5kRjBxb3pOYXlDeWR6Ym1UNHBQazRfQ0xaUy0zRXdNdHVuYkR5YjlaSThKMUJ3T3F3cHN3Q1V2ZW1kNnc3WUFoRTJzbHFFNmNlWDdnZjlUd29MNkZMTmNjRXE1Tm9NSVZKbjVIZl84eS1tV2RrRnYyYW1JMkgtRFYtWEJZQ2hpLUhMZkZRalZRLXlxbldzeGJYeHoxeDZDX1MxWDZ1MUNTcVA2QWVrRVgtMndGRzVIZ18zU25CbDYtT1NPS3puYWRXbnBldzM1OE0tYTh6V3lrTW9fS3otbzBsR3lHOHEtQQ?oc=5,infobae.com,Sergio Fajardo,"['polarizantes', 'mamada']",Positiva,,infobae.com
08/12/2025,“Las consultas no son el camino”: Fajardo ratificó su ruta hasta la primera vuelta presidencial,https://news.google.com/rss/articles/CBMilgJBVV95cUxQQTJMRHJ4bjRRa1FibDZRcElZYnotWUtka2xuN3k2aV91bXRxWXJCNk0wTjRWSmVFOFN4WllpeGVnV21NVFVRdzdMUjJQOGNCMlEyTl9Mei1ScWd4Um01QXctTThUVkxTUUYtZmNwaUpJbG5Gd0FUV3kwSnpUdGE2cHlJOHVMQzh4SVlmTFp6ZjFVamdDV1EzU2JuNFI1TEFqNTZsUGowU2RjbnZ0dlZmRXl2LXJzaU80YnJXTmotYnNhNC01blNIZGlfZGdZVW9RNHFubS1IeTdEekhVbWxQRVJkWFpuNndLOFZPblk2dEwwajlNdDFaMW1RalcxN3QtTlVqZTkwUElJSDhBMGU1RnF1cHNVQdIBqgJBVV95cUxPYlQtVi1ZTURxN0ZEUmt5UTZFeFFwT3FnejFEMWJNcGZfc1VmQTNZT3N1b294ZEJLQ3I1dzF2ejJJSUxFdThiX1ZZVkxlSTdMemxQYW5xMko4czdJRHpXWGVPR2wxekhHLXExS3RsTmJ6ZndkNm4xWjlETnRuYkV0SDFEYlRxakpLMXZHb001N0I2OW85OWV0RHJSNW8xSGQ0bnhkVXRiTm1xNlQ5bmRYdW9tZldOcDhxcmUyajY3THgzcEVzckVpVXVZcTJOUUxpR0JxZDZkLWF0cWtyR3k5UW5KMEVQaDRLMjJqQnNSWU5fT3QyaG4zUkJ4M0tCanlBMlAxSlppR2tnTzhEc0piZTFDUlRtdkhMRlc0ckNZMURyLWdmdFduVUFR?oc=5,elespectador.com,Sergio Fajardo,"['primera', 'presidencial']",Positiva,,elespectador.com
08/12/2025,Fajardo les dice no a las consultas interpartidistas porque “benefician a los extremos”,https://news.google.com/rss/articles/CBMiwAFBVV95cUxOS2JCeDhra0VIYWthOExkZmp4ZXBGWXdfVjhoVlFzTE5Jc3FKMERjaFE1OF9hVnNKb3d1Wk1qSTV4cjdRQm41d3h6bG0zUDZydmt0MFRpUkpQRGVkX1RBU2pTWGtTbGpIVzJBNk51UVktd2dwNDRxNE1tQ0YxMjJ6SXNEeTE1d1JFNHRhWXRkdXIyREd4bG9VTXdvbFRwZWo1YXFOOTdKM1VNWGZEY1dCeXdIc1FoNF9KQnJKZmd3WHLSAc4BQVVfeXFMTVlfUWg2X1RyalA2VkotVlU0aHFyTVY1c2xzOEVEN2RVMUpiVEY2cmdJZ2MzQk9yekxiRGNNQUVoQzdPelRRQ1RLRjJPUzFQa1VadkgzRzEyTmJwa3MyOHB0a1dReEJaX1pTUkR1UmxEaXRLM2FXT1NmOXI3Yi1RVWxsTGN2NXhrMWEwenNuNEhoaG9aWWNHbndUakRHMGlTSi1sZE1udlJOeXk3ZGZYS20zc0NNeVV4QkpSaEdpOVFCRUhDR1NtbVlIYjYxeWc?oc=5,bluradio.com,Sergio Fajardo,['interpartidistas'],Positiva,,bluradio.com
09/12/2025,Sergio Fajardo les dice No a Abelardo de la Espriella y a Iván Cepeda,https://news.google.com/rss/articles/CBMiwAFBVV95cUxNOUVESGV2bDl2ZmhKVGRZZ1dmUUJZNDk0X0k1ZlFxQU4zdlA3dlpHdWNsTzh2eDlyTVdrS3M0MV9KYk4tWi1yUGdIV2VOWmlnNXpWYTZuN2Z6VlQxanNvMjd5X1BESDlJN3VHNXFFVmJyZ1Bkc292V1gtM2tJMUFBbjZOdTZnOXlwdXliVm50OXNjekEzM3lkWXMzSXA4cThsQVc4SlhidnRQTURJZlc3RGFsZkJHMnpKYzhPMkh4cmU?oc=5,confidencialnoticias.com,Sergio Fajardo,[],Neutral,,confidencialnoticias.com
09/12/2025,Fajardo dio portazo a alianzas y no irá a consultas; echó vainazo a Cepeda y a De la Espriella,https://news.google.com/rss/articles/CBMingFBVV95cUxQbHI4YncydWMxYmFNSExWaTJETjNRN2xTYUZWZU5PT29XNE9jYTFmTnB4dUMzeHZ6MkdUaHl2NHp6cm5rOVU4ZlRZbWhuNDd4YmdQSlZuVHJGYUlhdE5RZTVSUEdpTHVsVGlTeU5KY25nVFhXMnNhSnJRelRvbVk5MHBtdERqNGp1Q1FOdXJQQmE2Vl9NbVQwYVlXdUhjd9IBowFBVV95cUxOX0h3SEVRX25leHlKMGd5bG9hTmtRNHVOSkNLS0FYRVJsbGZKZ2ZNMzZHYTVjWVNKZE1BZmZxN0JramRfckRTNkRuY24yd2VEa2k3OTFwYkVLN3E5ZTJWUXV0QTBSUk9idXlELS1RNk9sYzZtNW9HNUdJb0ppeWZJOVR3bl8tS0VScHQ0Q0l6Vkw3dnRzb1puajNOTlMtU19vN0pj?oc=5,pulzo.com,Sergio Fajardo,[],Neutral,,pulzo.com
09/12/2025,"¿Cómo quedan las consultas interpartidistas sin Sergio Fajardo y Abelardo de la Espriella? Así se están moviendo izquierda, centro y derecha",https://news.google.com/rss/articles/CBMirAJBVV95cUxQbHhPZ0pkMWVvQmpabk5FMldVd2JqZi0zNUIwNF85MFZtb0JjOG5RbWxFVWwtRS1SM2tyZmlUcllJUW5UbmdSbnZiN0k0YnVqSExwNW9GN0c2OFA1b3U4cFdkbVBMN29wei1aZDVLU196YnRaMnpURUIyQ2E0Zmc0QVdSVkhTSld3czhWaEtURmhILWQtZWtSdlRnZEpWT09tRXhvZ3czS2dLa3V2VVdJYWYzR2RJVHBFWXBnUmNhYXJSMHNhbm5pWl9zZkUzSlUwSDkxTkNHd0NvYVEzWUgzbWlhUzZkeTB6RncwcllqazhXTGNrOVBabDFxQU82dXdzYUxwQ25VMDdSekZLV01DNnpjcHc2RzN0R0M3NVh0VVZkRXRPZFVUMFB1ZlbSAbICQVVfeXFMUFlLVFpNNFNBcjhyNS1UbmZQWnNRUERRMHFXbXc2bE4wTHcwdWZhTTNxLXJkRjVaeW5LUG1lUjVRMzd2M3hzWnlIQUFZSmhjRDBGY1Joa3NxcFhfTnVGMURnOFZ4dUVKcUk0a1lMejl5ODJ0RVhpN1R3QUR1dFhwbnhoa1NlMm0xc3pUMG5QbkJXdmFxQlNjWTRVclBwZk9FdEh1RzZaUW9CSF9NM0ppRlVtQ19fandraEJ6N0lYbDlENUdVUHpnX3c0OEk3QzRGaTk3bDB0Rlk1NXUzbTBvTzRkcjlNZEUzYm51ejJVNVZ0WFhNOU9jQ1Q0LS1DRHZRa0h1N014RlZnM05uWHFQclBaOW45b01kYTk0NXdTSEhmVkFBZWtuSEZOTjNPcWpaclN3?oc=5,eltiempo.com,Sergio Fajardo,"['interpartidistas', 'izquierda', 'derecha']",Neutral,,eltiempo.com
09/12/2025,Sergio Fajardo cierra la puerta a una consulta de centro y Abelardo De la Espriella rechaza a la de derecha,https://news.google.com/rss/articles/CBMi8AFBVV95cUxOSFV2ODVaNkREeEw3dVlMY2ZCWmJPR2FnRUZNYmpHd3ROcDRyeEx3X1FjTDhsclQ2WEFVQXR5N2N5WTVOVnc4VGNtWElZVFdaSHlUNTl2bzRnMFplYldqd2kxeVBoUDZyZUZuOFphUzBaaXFiMnM0bjNiV0FjVmZaMlNRZzdTazBFczVFWXRLMnJnSzhnT1c1WW5obGZoN1VqUGNrMkhhWFZRQ19malB6dk41WlRuM204OHFTUWZyYjZEVWNmVlB2UXlTY0JhUnlEZTAzeUkzOS1LMFVDVEs4eFl5NExqNzdoVFJKTU9xa2LSAYQCQVVfeXFMTjJOZ01hQ2h4Tkh4WEtWNUZxa2ozU3BoWXByNDdiTzU5QVM5TWRuemgzTF9PQ3VHcG45eUZnN1JROUE4Sm50Nk1fWmZqVkJkb0ZzWXVfc2h5RnJsUWZ4YVVnLVJzU1V0dG5EdVJxMjBVUkQyT2xuUU1tbWR2NG5jMVdHMkFPRWt3UG1oSmFnYjB6c2xKVUlkcFVrMEROc2dvX19qT0RBcEllS3pxVkF6cllWN0pCSVA2a3lob21FMTNsMDdYTGFkazBEVFBaRWJYT2dmUFRQSGpXb1JrWG5HS0xsbzZkemxiNVRIYTVrZzhvcDBGTUVYcXY1VTVVSWIwNHFKSEE?oc=5,elpais.com,Sergio Fajardo,[],Neutral,,elpais.com
09/12/2025,Fajardo ni De La Espriella irán a consultas interpartidistas en marzo,https://news.google.com/rss/articles/CBMirAFBVV95cUxNNEVCYWpSTENoYURHcFAyYW54ZHpzMjhMa0h1clZlMk10czFacXVDNS1SNHg3a0hfNkhvN3J3UGRCMXFhc1hEbzhGbVhIMEF3SVRQWXZPbW5xQ244MjE4U29GOVA1cE5GTERXaDJWMGNubUhRRzJkVHdoVjk4S2hxZEZHMFlWd3JnT0pMcndidXpZQjh1TjAxaWRLbV9aZnRucDFlU3VGNkkwRkZS?oc=5,elnuevosiglo.com.co,Sergio Fajardo,['interpartidistas'],Neutral,,elnuevosiglo.com.co
09/12/2025,Sergio Fajardo anuncia que no participará en las consultas interpartidistas en marzo de 2026; estas son sus razones,https://news.google.com/rss/articles/CBMi9gFBVV95cUxQeWJiX0lrX1JUMEhOYmd3a1M3ckpEZVY5U3dQX2paaVBSNl9Dbjhic0pHNmFGYVlpeENFUW9MYmhFY1lfbXRtREg5em5fQjJ2TjN2NzdUYnM5T1VkSVFPdHpZMU0zRzdVNGtaaGROVllMLTN4OGQ0ZGdWMFRxMkd5MVhMUllUbWtPOHdrdjFLaEd1MlFsQmtpVmZDUjUyWldfb1Yydy1sVlpXRlhHcGZ5ZmhkeWN4ZUJSZ3hZNnNGczIya1JmMnJRaVJNN0w3SjZNSkdCVkE2MEk0UWMyaklpM2UyR3BGSk1Dck83eEFvNHhKbkNFVFHSAfsBQVVfeXFMTUNhS0tTZ21COUt0eHlDM2dQLVJVdWlFdFA1Z2FFQTlyTWJQT2JqdEZkYmc2MTZ2UE1MNFU3bU9DLUlFOWtla0lEUkFvaGphelduaF9WMkFuRF9ZWkNKdXViWGpucjZublp4a1pmZExBUjVTdkppY2pjWHZIVTN1RjFQaS1JVjFPd3hzT2ZyeUlSeTJ2SmJPS0xNVFo2ejd4Q29sY1Nvd29xeG1WdkRyRlNSSTFJM083enZCVm5aQUI0bTFoeTlMX19VMkdmWThnVEZXOVZleldwSmZaWnVYTEdxcF9lVHp6WUZpS0FxVDc2WlctX2Foek9PNnc?oc=5,semana.com,Sergio Fajardo,['interpartidistas'],Neutral,,semana.com
09/12/2025,Sergio Fajardo no irá a consulta interpartidista en marzo,https://news.google.com/rss/articles/CBMimwFBVV95cUxQNmFhTnhuVE5MQjVkUTZUcXBWOTNISk1DS0RrR1N1eHA4aXZGRm9UclhESVVXclpZeU91R1FHU3MzbDZSV1pKbEFRYXhtRm9rY0pVdkJvckhTNm9qVUl1THVaR1UxTlR0S1cxMFBDTDRRT1docS00aGRyQ0N0UUlEZHZzYVd3cGhBSzY2UF9Pb1E4cGRvX3hIMlA5Zw?oc=5,lasillavacia.com,Sergio Fajardo,['interpartidista'],Neutral,,lasillavacia.com
09/12/2025,Sergio Fajardo reiteró que no participará en consultas extremistas: “Colombia está mamada de la polarización”,https://news.google.com/rss/articles/CBMi5wFBVV95cUxPOWd3a2U5NUlRbkxHalhnVHBwVC0tVTB0NTZxbGh1U2lYcER3eW11S3lxLWNzWHdhNXc4Y2RGNjQ5MXNUTFkweFgwN2VjbEdqbEYxN0EyUkd2dENzRWZaMlFEdkdsaXB5TnJJenNZS2ppS3JaSzJFOVhjLW1pdFVrSnJabTJPMzRZZjR4WnhBa3drV050MFJYdGVWRkRWX0ZZNlFsR0VkWVEzMkFFdHJfNGxtWjJONlNUNlpXQlVlbGFiZ1k2dmtpVEdqMmJKMExOcmd5eERXMklBTVRnd2k2YUxpY3U3aUHSAYICQVVfeXFMT1oyZE1FUGE0YUVBX2ZEY2ppM0trZ1VjUE1HY3ZZeHZKcjZoa0EwM2R6QURTZ0E1OFoyRVJndjg2SkVOa28tLTBCSURKWXFXX0F1RlRYY3BySVFoRWhUQ0JJUUpDRnNwSXQxM0ZjRGpGMGQtMnFwRUI3UGR0RDNKN1lOQllOMGhHR3ktZlNWSmxkSnFXYUNsZEJvTVZacjNtazJyQ2JFLXV5WGk5RlBRM0VGUHVoakdOR3duZWdTeFdDbnZxLWE2NjhZdWl2M1c1eFNTTHRLbTNHZ2trcXA4el9Ha3R5WUZHUV9WVXZIT1JHenhsUm42MF90MkRUZU5HYmZR?oc=5,elheraldo.co,Sergio Fajardo,"['extremistas', 'mamada']",Positiva,,elheraldo.co
09/12/2025,Sergio Fajardo no participará en la consulta interpartidista: “Creo que hay otras alternativas para propiciar la unión”,https://news.google.com/rss/articles/CBMi9AFBVV95cUxQOXBsNmpwaW5wSGFaZ2I4RXktNDZYbGNuMlF1Uk9oY0VfaUxGekdVV1FreHBGZXg5M2s4ZDlQU2lfQTBPMHVqODAwT1FJZmdTUDZqRy1QQXFoVThWeW1vcmxWWTV0N1VFNWJ0bWprbk9tdkNWZTYyaHNTQ2lOSFdRbkcySUxTN3JycTRidXFOWnk5UkRZZmlPRmRqYzdBenByRV82RmZ6UlBBNlVEME9DUFZEQmlRaFdTQWhoU3JaVG9fYnZjX3phejJJa0dBUDhpV3VobTJmRVB1VzlOWEJYNDhsTTR6aUNfV1l2dVNpRXhILWxm0gGPAkFVX3lxTE9qUUMyVXg3SW9rQ2daN3Y5Y0Y2dnJDcGZwRWNTby1rLWhrR25rZmE0LWN0Y3ozSUk4aG04eVRNejdGR05mZ3p0SlFhRnFTeG1BTW81aXlCS1FiVWNjRDJ3T0xhajZmS2VWM3hwQmtuajB0VHpsa0JDalRXc1pad1QzcUVUdlNsNExsTDhJczU5aWkzZzJ2X3BCNGJkWkdPUlJjZkVfMnlVcUlDeUladHNCdjZPcTZSbVk0Z1duOHJQZ2t0ZzJyZkxUdkZIaFo0Qk9LNk50TlNxckJWUm5pbkpjbmltS050Mzl2SmV4QU9PYjNFQmlHVVdUOE5mSGowUkhPczJTSmZPSVZTQ0txY3c?oc=5,elheraldo.co,Sergio Fajardo,['interpartidista'],Positiva,,elheraldo.co
09/12/2025,"Sergio Fajardo: ""Mi reto no es liderar el centro, sino construir una nueva mayoría""",https://news.google.com/rss/articles/CBMiugFBVV95cUxQRjJBT0xJb1VkU0tXcVZEQjdfVkdCaWNqNV9wOEhRS2VDYUtDOTFnRXA1QmlqSXBxV2Jic0RIZWtBbnRjX2wwYlg5MmVmY2tMYWtkZTZDNEJJVjduMldpTkxUUEF2ZnppN0pfd0VTQmVvaUl2akJmc01YR24tb2VvZ2ZYLUlVaWJ4WkZNSzNqRHpGNWgyME14OGhNVEpVRmFTRmpOdHRYa3RyUHFXRHNPYWM3STVCVVM5eUHSAccBQVVfeXFMTjBWYS04aDY2UWFCODNSbjRGYnhHWHhDb3RKb2RMVlpoV1NtcnBBa3dBVGdPcENacUdZMFNDV1pZM2lldWxyZnYxM2pjQllfQUpNYTQ3UWl2MjdURTI3c21mblc3aUl1WUh1ZnJNOG5RRkxiaENCeWNwN1BUV281R21LOHN2RGVZa2Y0U2NyX2VjMUFjbVk0X04zQmdNZ0N2em1EMGllUVFYLWF1eTJuRC14UzZxQkdLc3FxWHJENW9XazZPR01ZMA?oc=5,bluradio.com,Sergio Fajardo,['nueva'],Positiva,,bluradio.com
09/12/2025,Sergio Fajardo descarta participar en una consulta con otros aspirantes presidenciales,https://news.google.com/rss/articles/CBMi1AFBVV95cUxPLXIzcVQtWGxESWgwQjFQZXhVdVhnV3pPMUR6Mkw2T3U1UGNhLWc0cTMydWFfWEl4U2Z3U1BmMm84WjJ3djRYQkQ4bHJCMng2bWpPR3otVjI5WjlsaG1GTzd2WFlTZ0ZKb0V2LWxIZnUxeUZmVzhMdzJpU0xLclhhQ2lYLUVhSVpfSk82eVgxbVZRdTRKT1dfV29maHNhMWdtZEh1OHU5cTNwRElhbkdyQ3BTVmdYNnpOU0hrUldnRHpUZkFyeGpBWFhNbkRpQUJlZzg5WNIB6AFBVV95cUxOVFQxZFlnclhkVU1jMWxzR0NWaFZwSVZfSm9sOFo0NWhyQ0prQUNXVExiSFZuOVRNUFhVeVZHYVRfV3d4LWthbWM0QUlHLThpaDJOQ0tfOUF2MVpUVjNPeHJzS05TVjlzWDIzOUJteHlfX0FoTmhqMmM3Z2QzMHFvVHUtUXNmU2ZTSnhHbGlKOTRoTXFMV0hkRnpQbmNFWHVDZHkxck9kTmszWlBmTVBlYWFLU3J3VUF6eEdpRkRkYm5CUm1oblBzMVRTcEZQT1YzVUZDQXN3UmMyT1ZvWHplenhVNXJGeFha?oc=5,elpais.com,Sergio Fajardo,['presidenciales'],Neutral,,elpais.com
09/12/2025,Sergio Fajardo anunció que no se medirá en las consultas interpartidistas,https://news.google.com/rss/articles/CBMiugFBVV95cUxOUDhIVWI2dFhFNXJiSmtZSzBPcEd5NGo3WEdaUHNoREVUc3NPdmg1LVR6VGMzbVJZN0VBRFRxVVpKUkIxa0NTcWFPOG1DUmJSTkdjV3puVDk2Z2lMY0xvTkttU0g1ME9uMEJFQ2cxYm5fT29RSWVKLTVObk9rSUxqam9PZlk3N3JGbUMwd0tDVl9ucUdYVk9DMFU1em9SVVMwaVRIUlBpcW1rUzY2akVjUjBoeDhjUDJOZXc?oc=5,publimetro.co,Sergio Fajardo,['interpartidistas'],Neutral,,publimetro.co
09/12/2025,Sergio Fajardo no irá a consultas y va directo a primera vuelta,https://news.google.com/rss/articles/CBMilwFBVV95cUxPY25wVm0zVDNGWnlNSDNNR1RMRFBfbEJ6OEdKNGNVUlF4cHNXMS1LZnprd3J4bW5UZ21IaHpLOFJwV0d1cThCc2RXb3BvQlIyY0UxNXZocC1UQjRnd2t2M1p5dmFWZ3pweHBnYkF3R1c4bUE1MzhmQzVCTXc2SkJxcGNEV2xhUjMtVmZwQnRjRDRTbElmelVN0gGcAUFVX3lxTE5mLVEyNTRzLXNmOXBzc3lrY29ua0phWjhXS1BCX0tMODFaWjJBWXZRZUxxZThFTTBEU25UMlpLNEhvc3pQd29YemFmS1RMUGpUSlFOS1BqNDg0MjdJcW9JazMzR0RwWFdQcmN6YjZXOWRrX19fR0RJeV9TN283STdicDdCVTdDTDZzcDhmTGhIN3JXc1B2V000THV1ZA?oc=5,kienyke.com,Sergio Fajardo,"['directo', 'primera']",Neutral,,kienyke.com
09/12/2025,Sergio Fajardo no irá a consultas: ‘Benefician extremos y dividen el país’,https://news.google.com/rss/articles/CBMivwFBVV95cUxNdlBweVhKNThuMWJpWlRpQ3hha3JZMTc2RVdIM21GbmRLZDRZVVBqX0x1MnEzSnNLU29taWxYOGVqOGI2QUF3QmNuZjRxcGFBakVQdDZ1MDEtSVpxaVR4OFdYOHRGNkU4dlp5aVZwZU5TSEItWS13c3VodV9IbUVLZU5UMThVM0dwMGhPMnU4OUZTZFdtQlFmSDl2ZXV5bnZ5dENqM1pWWWxmMnItWEpBYktoanptMUd4b04wME9HMNIBxAFBVV95cUxOMEMzYlF4UE5hbWpJNzNLV3B6VnBOTlJMeTRoTzZyR0F2UUZxb0FQOEdnTW9DbzJveWUzNExrR25jTDhsaTFzRTFYRkFZYWlKYlpqdEtpU1ZyYXdCT2R5WXM3REY3Y2ZRNWNMekdBcjBYRUdmdG9sa3RhZy1pRXZsM2FoNmpRel9JQ2NSNi1NWm9ESjgwOXVCTi1hUFZzMnVBV0todFNycDI1V3lJNEplZDZDX3JuMlVXWG1tNHpaenFBRWdv?oc=5,portafolio.co,Sergio Fajardo,[],Positiva,,portafolio.co
09/12/2025,"""Las consultas no son el camino"": Sergio Fajardo",https://news.google.com/rss/articles/CBMijwFBVV95cUxQel9xb0lKbWhGcEJVdGRjZzJDMi1oWVZyYk1KbXJuOWgtbDhhcmN3Yzg5U1A3S0hoeWJObU5mUWZGVEpUXy1nVVVqYlN0OVQ0aUxKdG90Nk4tcDRVb0dWb3B4MmFGdTgzVndON1JMRGZqZHd1UXZ6TW5JVENfdmVrdTlmYkJQVWtKQng3QXBmbw?oc=5,elnuevosiglo.com.co,Sergio Fajardo,[],Positiva,,elnuevosiglo.com.co
09/12/2025,Sergio Fajardo explica por qué no irá a consultas presidenciales en marzo de 2026: “Colombia está mamada de la polarización y necesita una nueva mayoría”,https://news.google.com/rss/articles/CBMioAJBVV95cUxPS1VfQUlNanAxRjduWFBGSEhweUV6OHQ0Z3d1WGxjVHJ0aU9rTHBOQ3gwNUEwMzhVdnRVME92b3psT3hUYmpfWXRfX21lXzgzQXU4YUVkZ0VyWXNuXzIyVHRmclNlc2dHN0hiNjQwbVJxMWFsNUJrOUZsdUc1bkJfT1NHemJFOFVvOVlFakppVE9ONng0aVBLZk93czhEU1F2M193UFhQeWtDeHY5NWZOSHpUQ3VtU2tGR1ZPUWJndDNnQWhGYjMtZVBSNFZHbVM2MF9Oa1lDd0NzYzdSeXNHVzEzV3pqVVQ3ci05cWctZHFBbWd2RmtxcWdydUtOc055SzFtSEt6MWVRYjBNUXlaTzlWTlBJbmg1ZXUxZmhhUF_SAbsCQVVfeXFMUGlFVkh5RmxrY3RLQm1ub0ZfWXY4U3pPX0FVd1lNaTU0THJTd3NMVFpjNGdIX3JKSlB2UzRhOGFtMWpuZlNMN2xWcFZYOEtQcmNyWDY3ZUE4eGRvNldhU2lBejV2UnJCQk5DOVg3RnNKdU5rUGl3Yk9XR1paYVllV1UzdnFkbGI0WVRaWHFHMjJHMzJGMk1zY2w5Yk4wRkwxc1RxNjVFYXpxaHNNUEVNRlNmMU1ZU3AtS0RDeFBoUGdudWdIRUw1U25CenhBQW9IeWhQUjltVjdiRzJEcWpwRzhDeDdZOUVpZ0dOc0tTQllTRFd2NzFBQVJLWXZNTnRnWXhWV0JhN19JY0hJYWtsSk5qYU9vVWpwM2steEU3amJFeTBndEF4REV3YXlydHV5c1NUbXpRM1AtSGVB?oc=5,infobae.com,Sergio Fajardo,"['presidenciales', 'mamada', 'nueva']",Positiva,,infobae.com
09/12/2025,Consultas interpartidistas no son el camino: Sergio Fajardo,https://news.google.com/rss/articles/CBMiigFBVV95cUxNbTg1Tjd6bU5xMFplM0tpQThnTi10T2Fock5ocDJnMFFWU21LV3lXVzRRN01yMnJlZHJkYnp2Z0ZrTUQ1WWFhVXlFQkJ5VDlkMHFCOUdEc0hJSzFtVlZmUTNFT0s5N1I1U0RnRmUxbXU2TTFFRmtZd3QwT0ZvTDNZS3VWRFFWOWQxaFE?oc=5,elnorte.com.co,Sergio Fajardo,['interpartidistas'],Positiva,,elnorte.com.co
09/12/2025,Sergio Fajardo anunció que no participará en las consultas interpartidistas de marzo,https://news.google.com/rss/articles/CBMiXEFVX3lxTE5yMzhLUEc4ZHdNVktCVmtweHFqeVJFWG9XSW9YUktsYlRRbnVzMm8zQ3F6MW9Ld0tXOTNyUDZyaEJYTFlVaW9CcHpDb1JTQjRlcG1DTFZiQnIwbnda?oc=5,boyacaradio.com,Sergio Fajardo,['interpartidistas'],Neutral,,boyacaradio.com
09/12/2025,Sin Abelardo ni Fajardo: así es el impacto de la ausencia de los dos candidatos en las consultas presidenciales de marzo,https://news.google.com/rss/articles/CBMilAJBVV95cUxOV3RHMi1uQlNRNFplVjVlMGlqS1puQVJQSUVjWFpsalhXMGI4QmR5ak9pZWlGVkxfTkU3TEtDTXRHcnNNSXdoSHNyaXNBLWFiQjVHZW1DeE1jMzdpOTlhV1NUZk50RmUyZUpyWk1xSGZCcTU0b2E1UjVodzZmNFRHYXlYb3daUVRybWg0RkFYUjhLa1I5QTBnQ19JUUpnM0psekxUWWwyVW1EN09WYkJKeE95dlN6dGZVeGZhbkczMjZGcFM3U1J4cDdaTTN5VTdhR0dtSFo0ODRXVFVhYXZWRTJvSzlOenBYTmJKZHJyM3RCdDJBVTBRLUQ0NV9aNnQ5YkwzUWVzcUJCckFkcFR6UWs1VEfSAZoCQVVfeXFMTlptQkZUMnR4dy1QQmdJZV9aOER6S3NqNlhRczdES3dYM1lpWE5xLUpEcHZkR0hjTmdlN1NsaDNxeVNoYU55NzByRGZTYkwyUGdjWXphN3RvWWNqN2staTcyUW91T1VWZXJTSEJFUjJENTVKclZ0bUVPLXNlVVd0Wm16TVdzZUNySUdXRXNXcm9DbW1vMmpQTk9NUVRja2E2cGRIMUR3TWMyeDRUeVgxWi0xdXVKVmFwbkxxb1ZiWFU5eC1PR1FnbUs4LVhUZFNtUUphaHZ2MWUtSlNsQWhhVURaX3NLSnRIMDZJam5ydl9nMElOd0tkVUZRMXVlUFA3OGRPNm9YWURFVldCQzMwZUZBTkVkRTR6Tkh3?oc=5,eltiempo.com,Sergio Fajardo,['presidenciales'],Neutral,,eltiempo.com
09/12/2025,¿Por qué Fajardo no va a consultas? Responde en 6AM,https://news.google.com/rss/articles/CBMijAFBVV95cUxNdGFEWGtOUFNGc3F0WWRSeE4tRExPUEZ2OGxKSEk1Q1FOQnBJY3hocUxuaURTOXlsRDdRMGpGZE1kLTNZZTgwXzVuZ3UtX1pRZ19lbmdWa0REVXdyNndiN3JMRFFoNGtLMDNna2o5ajJvMUhyZWxUc2k1ZTZ5b2FjRXB4OG54UVlZVS1JNNIBoAFBVV95cUxNbnROdHFGeFlKWGN2dXAwZ0pieWFDcUcxbGRiTHAtWGZNNGlkeHUtRUQzaTN3eDFNZjZzN2hoWUhjbW1abnZtRHpyT1FxZlUxUmFoYXRPanBPWUpyenRHeFFkNFdvYmpNX2FkdFJkU0s5Si1tN1NKTXJBdVFwdEpYNnVYejE3dnFvOFZ2bm40Z19JaUhmYmlSaGxPR0tZcVBz?oc=5,caracol.com.co,Sergio Fajardo,[],Neutral,,caracol.com.co
09/12/2025,Fajardo no participará en las consultas de marzo e irá a primera vuelta: cinco efectos en la campaña del centro | El Colombiano,https://news.google.com/rss/articles/CBMixgFBVV95cUxOZlFIblllX2hVeDdmYXBfSWt0d3Q4ZWY3SnQ0UTcyQnlHMW8tS04tU3RRd21GTFFLal9kaHNEMUZQZ05nS1p0YjQyYzc3TGtoaExKWkwxR0RCN1BLR0R4eVpHZnBMbUY2aXFSWFZNc0FneWJKNlhHQ3dlTW9LUXN5V196RUMwVkJkWVlZdk9yMEpON3VQYThySFFkYU02VTlEcmFfZ3d0bFZ5c21WSmp3RnBlSUkzVkppcVp4UGx3SFI2cy1tU1HSAcYBQVVfeXFMTmZRSG5ZZV9oVXg3ZmFwX0lrdHd0OGVmN0p0NFE3MkJ5RzFvLUtOLVN0UXdtRkxRS2pfZGhzRDFGUGdOZ0tadGI0MmM3N0xraGhMSlpMMUdEQjdQS0dEeHlaR2ZwTG1GNmlxUlhWTXNBZ3liSjZYR0N3ZU1vS1FzeVdfekVDMFZCZFlZWXZPcjBKTjd1UGE4ckhRZGFNNlU5RHJhX2d3dGxWeXNtVkpqd0ZwZUlJM1ZKaXFaeFBsd0hSNnMtbVNR?oc=5,elcolombiano.com,Sergio Fajardo,['primera'],Neutral,,elcolombiano.com
09/12/2025,"Fajardo apuesta por una ""mayoría silenciosa"" para llegar a segunda vuelta",https://news.google.com/rss/articles/CBMikAFBVV95cUxPaXBKQ1hWUW50dS1aWEx4X2s3UUlJc0Y4TV9RamE2X3V5dE5DUW9nN0VYaDhoRzJ0YzlPb0g4eXZvRGZKOUM4THA0NXp0OWhXS24yLUNkWEh4WTN6OFJHeF9YQ0lkdDM3VlpBZUx3bTM4dHFhV0NaYmtkSnVfQTU2T0MtWWh4bmhTYkZCTlkxQmE?oc=5,lasillavacia.com,Sergio Fajardo,"['silenciosa', 'segunda']",Positiva,,lasillavacia.com
09/12/2025,Fajardo rechaza participar en la consulta de marzo; advierte que este mecanismo fortalece a los extremos y la polarización,https://news.google.com/rss/articles/CBMi-gFBVV95cUxOQUNvNlVWS2twVThQNFM2TWRvNmFpM2FFcFZkWHVKZ3RCejh4ZklrN2ZNeE1mQVc3RVFmazZjaTdGWFM4TGtNRm9mZlFqSkJ6Y0g5cW12TWlNQlFZNE44RFJQdk0yMFZwQlNDbG5Zb3psempaRGtidHBsSU5lMnBRYzU4clhYalF3Um1CNmhvUlJKTnZSamJNdDJpdWJ2MnJ5d0RnQmcwTzRBYjdQYTlOOUUtcGk5LTBNOXpweGl3cEFrUGhTcG1tQjBFQ3pFMzhPVFVNM0RxMzlGdzB2YzJmREdCa3llYTlpcGhfNmYwQjR0djNTc1c1b3NR0gH_AUFVX3lxTE9Ia09zbVFacFFiX3JlOElDWlpzZldwRWN5UTVMM3htMHV3bjU2WUtCN1N0a0g0QURSYmo4bUFRZ1RiY0lPNmF3bTU1ejgtMDZYaVNKaHoxdGVJcGxLMjNJWlp5d2tNS0tWM1pxM25mbXhsZUdZUE1rb18xSEt4V25oa2FvSktRZkEzOEVTUkxCMEtKUzc5U1ZmWHVCZUNmV0VFRUdJa2RzcFZUX0kzUjE3V3ZuRl9CTzA5Wjdhb2pNQThrcVRFY2RhUjJNeHRRVXRKeTgxSDViMXBNLVo4Y3FoX3VqM3NFOS1pYWVMYzNhQUhQMGQ3YktGMmVtVDdxWQ?oc=5,elpais.com.co,Sergio Fajardo,[],Positiva,fortalece,elpais.com.co
09/12/2025,Fajardo se va solo: anuncia que no participará en consultas de marzo de 2026,https://news.google.com/rss/articles/CBMiswFBVV95cUxOY21YYW0zbWRxWG4zN1NSUFNXYmZNRkpDWUlSM0VYVmJRdWk2YThmd1ZoT21ZS1ktSFMxZDMyTENETEh5UDZhZHN0X1Y0S2pjSzE1TTYyLWY0R3RYY09qdy03OHlMNlhjSE1RNDR5Z2xiTy1ab1lxd0ROLXNoRm0wbGhzLWllN29PQ0pocEpOelFwOUVCWkxKTE45eTN1czhIbC1iUm1Zb3VkWWhiZVBJTS1oSdIBswFBVV95cUxOY21YYW0zbWRxWG4zN1NSUFNXYmZNRkpDWUlSM0VYVmJRdWk2YThmd1ZoT21ZS1ktSFMxZDMyTENETEh5UDZhZHN0X1Y0S2pjSzE1TTYyLWY0R3RYY09qdy03OHlMNlhjSE1RNDR5Z2xiTy1ab1lxd0ROLXNoRm0wbGhzLWllN29PQ0pocEpOelFwOUVCWkxKTE45eTN1czhIbC1iUm1Zb3VkWWhiZVBJTS1oSQ?oc=5,minuto30.com,Sergio Fajardo,['solo'],Neutral,,minuto30.com
09/12/2025,"""Es entre los extremos o conmigo y Colombia está mamada de la polarización"": Fajardo",https://news.google.com/rss/articles/CBMivgFBVV95cUxQbUtyVmJ2U3Q4Z1JuOEFjVXB0N29jVDhjQWFoMlZPNXVQWk5WTmwzY3duU1FhTi02VEUzZkhGUTRLV3BjdENycWdiWUluOWhCWkZwTGxid3pyMi1TcTc4U1N2NERpbGJVeHhleTRjSnpIZjNWaUJta3Y4cTlQZEVlUDJrSWVjbFRMVFJMbG1vQmdMQnJUX21hVWYwMmFIeTdVMm9Fd2ZHa0lBZmM2NjZzaU9McnlsVzVaWl83SjB30gG-AUFVX3lxTE5nb1V3aG1mbFFTTmhEVnNpR3NVQ2lpTU1jaTlYcnFIVFBxTzZVMF9XVXFQc2NlZTF0X1NFQl9yVnh2TUNEbEMydjB4SzdKS0NvR0QxQnJjX3Z3RC1QQkNxU3RIWC1DT1BSZl9WTTl0YXZfU1hXSk9qdXBIZlhRUC1GR2UwWmI3TFcyZU15LXByY0tTRjhZRDdkT3JqblN3QmJMcHhhOWNuVGRyTlp0eGk2NEJzYkV0Ui1YUzRRRnc?oc=5,lafm.com.co,Sergio Fajardo,['mamada'],Positiva,,lafm.com.co
09/12/2025,"""Deploro que Fajardo haya tomado la decisión de no ir a ninguna consulta"": Juan Manuel Galán",https://news.google.com/rss/articles/CBMigAFBVV95cUxNYmRIV0h0R0VjbkxscmdWSGFjRmJFTVFsZ1o4U2J3bE1ETGdiUi1mWllJamhsR0RVMExHRlg3SXBHa242aUxHU1ByTzB1eTZ0TDZmdnIyU1paekR4cVdwWFVyT3hfQ1V1NEZuQkdSZ21JRl9FTE5nMGE1VWhDbmVJU9IBgAFBVV95cUxNaUp4QXhHRHRkNWhHcWFZVHNZZnBma1RrQkZRdDYtRDEwV1BXTzUxa2ZCMUhuR2pLM1RvLS1LNTZoalY5V0pEd0djalFTbE1IeTFYS3hKc2R6RW1vaEUwTlZKdkJ4WVp0OGhnQnNvekpEOXI1dndqQ3BUZ1U4Tm9qeA?oc=5,lafm.com.co,Sergio Fajardo,[],Negativa,,lafm.com.co
10/12/2025,Qué ganan y qué arriesgan Sergio Fajardo y Abelardo De la Espriella al no ir a consulta en 2026,https://news.google.com/rss/articles/CBMi1wFBVV95cUxQazNGd1cxQzN1ekY4dW1vRE93amY1alB5WmJqbEt1NXROaDNmLTFBUjRLdjFVXzV4WnRzS0NkY0xiZVRIdnhGdW1Ja2VreVJ2QTVYeUtKYkpZVWk1dkluZHktY3BQUkp3N0FwWkVzdGdGQThtRko4bnNkRzVyWHFLRFNrRFFVeUtTU3U0NFI2MkVzdVRVbzZ1b19ZOXRPdmFLTjNvdlZMSUVpN2tJNS0xbC16d0Z2b0hBbkhtaUpxc3RwVV9nWFRTNnBocV9DemtlOHMyV3VBSdIB8gFBVV95cUxNVl9id2NScElfMEFjNHpzV0M1My1ndUZDQ0ZGaVdGQnE1TXRRa2l5ZlJHZFhyeTdpMVc4T0Fya2k4MlFpbjBHd1pnd1hNbFc5d05USGdyR0xFSmo1UkdoMmlqYWw5Vk8xQWdEZmxCa0hldzlaRmp4cDh5WFQ3YXhvaV9nczNCRXFiUy1wckNzbVkxWFNhS0xZMnk0OGRtSklXb1FnNkdZNjlCNUlXTExsZGQtXzBBTjl2S0NlbVhieXRtS0lESmJ6dmdNclkwaWlyVFJWcllzeFhjdGlEOXlVRmVRNTRqdTl6MW9IamVGRDVQQQ?oc=5,infobae.com,Sergio Fajardo,[],Neutral,,infobae.com
10/12/2025,SIC rechaza solicitud realizada por Sergio Fajardo. Esto pedía el precandidato presidencial,https://news.google.com/rss/articles/CBMi4gFBVV95cUxQbTdPU0tfVVRfcFFBa19JVnpEek00aDR1cDN0M0xaWHZnNHB6MnFacHAxZExPQU44MHJsRDFYY05HZVczWGhuTDZsNjlnR2tORE9UU01wUXNSbTZ0UFEtOXgwR1hXUi1ZYWtUWFM1ZE1mYnZhUE9WMkJBQS14ZFd2bmpuZXJPU3FjN1pzb0d1Q1NScU1Jemozd0hLTkJxcmNDeFMwMkdhM2QxX255UFRBSFJJU014MGxNMEdYS1lNcEJPZktib0JvMFZ4OGpkeXZzcVZob09GQzVxM0x1U2F2OHN30gHnAUFVX3lxTE55NEppMTJJa1JPMmJ5cVAzT3JFYjJKQnp6bjVBSl9aMGxMQmpxU2tZcm5LU1g4QXlsR3o5VVFfUl85T2d5UFBpNU1HVUJiTzNFUFRPSnNsWVNwbzMwbjA0RG1tbTh0NUJjM29BNVlIOVVoNXJTMEZUd1JQSi1lYXFfaEt0WVo0b3pzbE5GOUR3dkhrc0VpdHJnX25yYmtBMUdNRVNZRDRyQnh4Y3E1WXROQ241TS1LemlfSHVzb3R0dlA0NzdCcW83X2k3aGp6cDB4QXluRmVnZVZqNnVmXzEyN0xINzZ0NA?oc=5,semana.com,Sergio Fajardo,"['realizada', 'presidencial']",Negativa,,semana.com
10/12/2025,David Luna le pide a Sergio Fajardo reconsiderar la decisión de no ir a una consulta interpartidista en marzo,https://news.google.com/rss/articles/CBMi7wFBVV95cUxQaThfVlV3cTdMamlKeEU4YnNVYXFyckNWMS1vT29SbEpRaHZSbXNpMHJQN0EzWjlvY1RKem4tVUtmUHIwNzhJaTNpWF92enoxT3oxdnJHOEh4ajRTYUh0cl9fVV9jYk9QclhGUFJwbk40amhfV29XQWFOTXlQaHR1MWV5TFlVaEtoaU9janhsN0tVX1pqWUpHU2F4emx0YUNsTVFtZzkyWVd5dlF5cTQzam5hSXl2aHAyS2dieVhpa3RGUUJPTkZ3QnFhVjNLUG45QTRFZHhJN1lLcnpMZm9SVTd3NVgxN0E0Wnl2dnFLZ9IB9AFBVV95cUxPR2lmT2dMRTVEZTNUb2h5ak5iOW5lNVlhV3k1ZUdGaFE2WWFrOXpWNF9jZDl4bm16OEVwMHFPUTN2bTl3U3VTMDQxUlpFcVE4RFAyeUhVT1dNeXZZcWwyRjJQZ2IzLWhqbENjcWVnRExmQnV5OUZxY3g0MkxFWWxmZVZqLTU5cWVrTHI4Q0pFWS14aDF3UmJIWk9TMWVFTXRvdzNoQVlNVXY0OWxhZzZEM0d6aFh5VnJmUkFoYkRXZ1R1WkpPeFV2dVo4bjF3N3E5ZHZ0RDFVODdPU0JOaVVQZTJCb19qRGt2ZFpGZG9xQzYyNWhy?oc=5,semana.com,Sergio Fajardo,['interpartidista'],Negativa,,semana.com
10/12/2025,Superintendencia de Industria y Comercio rechaza solicitud de Sergio Fajardo de bloquear video de TikTok publicado por Felipe Córdoba,https://news.google.com/rss/articles/CBMi0AFBVV95cUxPN2VyZi15Tmd4blJ5RkJIQVZvOEJjTGtqaGtPVEx2QzUzTjR1OE9fX1pxdmRzMlIyOFJzbW9CZHEtQnNuV1JqWHQ0V1FtVFg1UWlFbE5aNUZPNmRyS29jek1HVF8wekJoNzZybXFpYjk3em0tMG1EUERJUFFlUW8ySF9sYUxHRFo2R21QNHp5S3hvNFJ1S3NhZ3ZBZ1FQeTlWU3lOOW52WFBoMVRUU3F5TVBsUjQ0Z25LUHo5d25TSjlYblpiQkh2ak5aLTBWeTN30gHkAUFVX3lxTE1mZ0s5eUlUSjZERnkxQ2N2elZkTUFkYndiWWEteFhadmZ4V3NvaEl6cFZCQzRtWWNzcWJqakU1X0Y2X1FTaEpCRUd1dlFBOTRqVDZJS1BrS3FJVWNCbW1HMUE1WW1Eb2xGaG1uSHNHTV9aOGdXVkpvemNRYUhTaWt3c2I0cXdIQ1lObDJYVGFIbzM0Q2dCX3dpUVpYaHllQ3NTNm9qeUNZdHRxbndDcTZSMWhCQVI3MENJT01BUnByTmlDbWZVci1WUm9JaXlKYl9xdVQyMnl1WENPeGh5YnU3V2V1ZQ?oc=5,wradio.com.co,Sergio Fajardo,['publicado'],Negativa,,wradio.com.co
10/12/2025,“Colombia está mamada de la polarización”: Sergio Fajardo reiteró que no participará en consultas ‘extremistas’,https://news.google.com/rss/articles/CBMi5wFBVV95cUxPOWd3a2U5NUlRbkxHalhnVHBwVC0tVTB0NTZxbGh1U2lYcER3eW11S3lxLWNzWHdhNXc4Y2RGNjQ5MXNUTFkweFgwN2VjbEdqbEYxN0EyUkd2dENzRWZaMlFEdkdsaXB5TnJJenNZS2ppS3JaSzJFOVhjLW1pdFVrSnJabTJPMzRZZjR4WnhBa3drV050MFJYdGVWRkRWX0ZZNlFsR0VkWVEzMkFFdHJfNGxtWjJONlNUNlpXQlVlbGFiZ1k2dmtpVEdqMmJKMExOcmd5eERXMklBTVRnd2k2YUxpY3U3aUHSAYICQVVfeXFMT1oyZE1FUGE0YUVBX2ZEY2ppM0trZ1VjUE1HY3ZZeHZKcjZoa0EwM2R6QURTZ0E1OFoyRVJndjg2SkVOa28tLTBCSURKWXFXX0F1RlRYY3BySVFoRWhUQ0JJUUpDRnNwSXQxM0ZjRGpGMGQtMnFwRUI3UGR0RDNKN1lOQllOMGhHR3ktZlNWSmxkSnFXYUNsZEJvTVZacjNtazJyQ2JFLXV5WGk5RlBRM0VGUHVoakdOR3duZWdTeFdDbnZxLWE2NjhZdWl2M1c1eFNTTHRLbTNHZ2trcXA4el9Ha3R5WUZHUV9WVXZIT1JHenhsUm42MF90MkRUZU5HYmZR?oc=5,elheraldo.co,Sergio Fajardo,"['mamada', 'extremistas', '’']",Positiva,,elheraldo.co
10/12/2025,SIC niega solicitud de Sergio Fajardo para bloquear un video de Carlos Felipe Córdoba en el que habla sobre Hidroituango,https://news.google.com/rss/articles/CBMizgFBVV95cUxONW9LYTVqTU5nT2taODYwN2UyZU1fX05kRVBlUlI3UXpPUEY4SDl1X3lMamxESDl6dmJCclllZlg3RFZzMDZKcmVLUllWV091OURja1RXZjZQWURWVHNJend0RWFXWkRfVGg3RnJRYXVjRHlWSnBQMm16SnJETHpYZzcwMS04RE9scV9jbzh0YlJWaDZLOUhGNGxMLU5jSHRfdWVXQXVtNG1VV05FUVdHdHVTYllGUkc4SnZFXzZzRU5udmpNaDhTbWhOTEdEZw?oc=5,bluradio.com,Sergio Fajardo,['ex'],Negativa,,bluradio.com
10/12/2025,Los riesgos que asume Sergio Fajardo al no ir a una consulta: ¿Conseguirá los seis millones de votos necesarios para superar la primera vuelta?,https://news.google.com/rss/articles/CBMisAFBVV95cUxPS3dZdWRad3pjWnpLaDh1Wk1yOXYycnhSMy04STVDemh3QXVTdVNYWEtJeUFxSnEydDBYeVJFSXFQUGRnbGFQLV9RdnhRVDNuU01zdzZMVTg3cVdLbHpKWktxOWtyWks0X1BJQnlfZmZfUVBib0FDaDlya3RaQVJmSjZDajZsc3dfX3l6OEQxR2J1OUoybXNiQXRsTmRoamR0NlBHVzhUUzB3eDhVWDNnMA?oc=5,cambiocolombia.com,Sergio Fajardo,[],Negativa,riesgo,cambiocolombia.com
10/12/2025,SIC niega petición de Sergio Fajardo de eliminar un video de Tiktok de Carlos Felipe Córdoba; ¿de qué es la grabación?,https://news.google.com/rss/articles/CBMi0AFBVV95cUxPN3ZzRVBYMzZadUtDb1kzSnBqS2o1MXpTc21DT2E4ZDlhejFfcWRZYjA5WWhNTG1wajVBMHltelJlNjJLN0NCRGk5UUNXeWJ2MmY2MVpSQ1pfTldRdEtOTTd1cjRoblA1Uk5zZGw5bng0b0lMRWxWT0hDaTE5d1FrZkNENEtrVGd2aHBoODJPSEJ5YXQwd3BSQ0hueVZyVEZMam1tLXp4Ti1Qbmpjajc0WjNfQlV2XzlVSUVGNGl1cFJ1WFU0VXF6a2NKZmlEQmpm0gHWAUFVX3lxTE9qVkxZY0FSMzJKWklQcFBXQ21FSnBNdjRfZFJrbzgta1hhcExiSG1aVlFVRThGVHQ1SkFCYXJOS0stbzRuM0VMLWY0ZmFHV05GalgxQUhMZmIxWG52a3VlT001SV9rUFlkTllJZnRjNWswVThUODRWUzZuT1huWmttMXVBNTZDTmJrX05fb05oNUMxNVVCLS1SOG9VUGo2SlpGR3kyODctMGtTSzBGWW9DQ2RTVUdzYzhDam9zTHZJODBsdVI2SE1VdGpWanAtcE5vaUlKREE?oc=5,elpais.com.co,Sergio Fajardo,[],Negativa,,elpais.com.co
10/12/2025,Sobre Fajardo y las percepciones: al ir solo niega la posibilidad de maniobrar en tiempo real y poner en práctica su relato de concertación que sigue sin ser probado,https://news.google.com/rss/articles/CBMinAFBVV95cUxPSTktUEh6c3pOX2lmQWljVURYNHhzbDBGSUNfdlpEN3d6N1FYZmZwMk9wWF9vdzVqcmVjeG9mWTZmMi1qQXR0ZnpEN0ZaNDhiMVFsRmU1MzFVRndJMmp3Q2E3cjAtS2N3VFp2aGEzTUtNcGhtQnpMd2lwS1pfNW9DLTJibTFWNEtTUEtJSHNMZjlmYWdUVnNNdTZWRlXSAbABQVVfeXFMTmlzMk9VS3NPZXB2TzhhckE5VWxGZVpYR2ZUTmVRdU52ZUtfaV9BSGZqSUhTSTVid1pmMFk0VjhUTjFhOC01VnN4bmNWYWVFOG42WnFoYWsyTHU5cUxjc1hmVkt6dlk5VHZYVGR6YmRNaUc5WlJyTWlBT1h4Mm12NF9uU1dScFFNYmtVd3EyazVYVTljWVZvYUdCOEtLakZWQW1vUGlOX3JsS2Zfc1RlTHQ?oc=5,elespectador.com,Sergio Fajardo,[],Negativa,,elespectador.com
10/12/2025,"Mi fe en Fajardo está intacta: Él es el mejor por mucho, el único que tiene talla de estadista. Hay que salir a votar por él y llevarlo a segunda vuelta.",https://news.google.com/rss/articles/CBMingFBVV95cUxPUmxpZHFWSThNNjZvWjhZVENldUs1c3pfR1J6UjlYd1Q2QXRYY3VFZnpjbW90elF3amVoVGc2eFVwbl82Z0J5Z3NfMlBoTHBzUVRsUkYya1RMS3ZsTGFhU3dTcW43d2JvRElzV0U1OUJXcmQtbzZjR1dQLUZiT1BGNFl0blhocWZ1WjI4eTUySVVhaDBYZ0lYLUZlc2FfZ9IBsgFBVV95cUxPaGZSRzl6Wm5BVll4Rm5PQzdMeDZOanhEZzZ6VmhGc2tRRDJDa2trOUJvTHlwd1Nxb1NZbEY4NXRWcUhVYVRXVE9mdFhSQ2lZYXNlMUY1Nm9FUFVWV3FLaTNJYlRIRXM0UXlwbzEyTU9fMW5oOVgzbkthdGtqWE5VS2lJSTFBZG5heUlrYVVsanlnTE5VckpLWndXWFd2c1BlNjU3V25yOGU2V3oxd2FTWDlR?oc=5,elespectador.com,Sergio Fajardo,['intacta'],Positiva,,elespectador.com
10/12/2025,"Fajardo, Oviedo, Palacios, Peñalosa y Armitage hablan de sus propuestas para la comunidad afro",https://news.google.com/rss/articles/CBMiuwJBVV95cUxQQV9tbnZvOVVMWVZoSVVTeDQ3NTV0Ym5tbUk3WmlkZ0FtMDhsYjNEN1dRQ1oyYTNrdUZKQlU2RXBseHN6cVhzQS1HY2dkQlNoNlFDTHFkaTYxZHcyb1AycmtzUXdlLXdlZ3gyc3dZOUUwYk1RaEVVME9HOEszNE1LZG1ocWYxc0xmOUZjNE1HWm5Ya2xuTVJfNWJIQzFJUkJKUFJkRTh6YnNHRTFXbWVJUlNaUjFzZE5IeEtFeEtMQ1l0T1J0dGNIVGRwVmtib0ZFNi1aUUVRakcwSlcyYzNSMTJiSWJpeDRGd3Z2a1BVS1FReEhNcDg5bXoyZ2NfZ1Z1TDFQZ3Q5T2dwOXhGeXpGZXMya0xXdjRfNlpMRUpReWVkWkJLdnp0NWZSeXFsU3I3dW5sRGlUbHF1aU3SAc8CQVVfeXFMUGdQbGY4andDSzZRZkJSc3pHZ1J3Um84bXQ4UnF6alRBbFVzUF90Wmkya0hZZ0pvRkhIQmJGcHlXZ2x5Y3ZkY2UyNF9lTS1TNHJhaS1DanFXdDQ1aXhNQS01ckQtNEF2SUFCcjN6cU9tc0g0R0RHNGZMZWFDd2w3cjlFcWQ3a0ZPbXgtdENpTVVCSExpMTVFcE9nemt3d0ltUWdNd3Z0SWppNE5qZTV6UHp2TXpadWVIRWxBb0x3Ry1RSEkzNWRWV09pQmE0OGMyMlVpY29aYzRxTk0yaGRLb2pmLVVtLXY2M1hjcTNiT2ZmaldaYVVJOExydTZaZXh5MWlaalExbU5qWmVBcTRjS1RMMy12ZGRXc2lwNWRITE9uTTd2SnFldk5Dd1NVaVFIRTJxLVNqSUxDdEtoOVhTTmFlbXBXMzA4QjZzRVZzR3c?oc=5,elespectador.com,Sergio Fajardo,[],Neutral,,elespectador.com
10/12/2025,Llanero solitario: pros y contras de la estrategia de Fajardo para el 26,https://news.google.com/rss/articles/CBMitwFBVV95cUxQZmtnd0RUb0RXdHBtTnpIc2NsSmFXTjU0cnhXOVdVY1JYSVRSaTFKbTg2bU15dkdjUldNUTlSRElMMEs2ZGdocVZEZzY5b2VxVkdWOXZ4amVPUDlSSXpYWTlqX2k5TXdzYUlLbEFVZm5tVHJacUhlVGdiMzRGMHJublhrMC15R2NaRVN6eVRraVhYTVpEaUhpSkM5QXhJeHRNY1FtMXpaVHQya1JiZklOV2xqNVBoUEU?oc=5,lasillavacia.com,Sergio Fajardo,['solitario'],Neutral,,lasillavacia.com
10/12/2025,Luna y Oviedo cuestionan a Fajardo por retirarse de la interpartidista,https://news.google.com/rss/articles/CBMirAFBVV95cUxNa25iRjlRWU42S1IyMVdQQzZmVGFfYmVsVXNPTVpTTlBFdlFESVdzU3VWTnhDYzBPX2xzTU5GakhMR3JpQmdiWWZnYWV5bmFtVXExZ2RGU2hseEx1MTZFQmNMbk9PbzU5alYwbkt6eDF0R2s0SlJtckNra0txSmpZOV91aVhCWG9KX0duelY4Q05Lajl1QUY5TFh2a19YT1ZWcmlUNTBXRzVyTkZk?oc=5,lasillavacia.com,Sergio Fajardo,[],Negativa,tira,lasillavacia.com
10/12/2025,Fajardo: Lo que tiene y lo que le falta para llegar solo al 2026,https://news.google.com/rss/articles/CBMizAFBVV95cUxPRnZQMW5HSVZiRm5KZ21SVHZlR0I4TGRlRFpWQUxGVnlxVzduNHpYSFFycGZHUzMtbTRuRXhCbnJmNEZvZjlLWUFpclVJaGYzd1VNUXhwYUtfb05zOEpsc2N3LVlfRXJpa3hZVi0zdF9HVkg0b3lIcWtudWptU2RDbmMtd3IxNWhTNmpSWU0yT2twNTdjbFlIb1Nwal90UjQ5YlhsM1FkSGFIYVM2Wk12ZFFobEZKcDVSbjNwc3AtNW1MXzYwUENLZVY3dEo?oc=5,lasillavacia.com,Sergio Fajardo,[],Neutral,,lasillavacia.com
10/12/2025,"Sin Abelardo, sin Uribe L. y sin Fajardo en la consulta",https://news.google.com/rss/articles/CBMifkFVX3lxTE04dEtHQmV1M3V6UVlwRmlTejNSM0drdmpQYWVFaEM3TzBnSkluWjVHeDcwb3BQd29LSE1RYzNUT0VySlRxQ2JWaDRVMWhFTThSRVBXbmo2QjZUbVhYRklvOGU2V3FOZk52LXVxU1RZek5vdW5TOU12YmRlNTVoUdIBgwFBVV95cUxOZDg2RWNPemZHeFRSemFVQVBDS3NpT1hRU0V3LW5yeU9vbnBaMjBjdVlyN0VNNGRSaTNoSUlQRjctYnQ3eUdnSk91azBwNU1GeV9hcTl0eEhVVmhmeVFOS1hiMlNaVVdPZ3A0alFjbTR5QVVrVUVwN25hUkREcHk4bTdnMA?oc=5,kienyke.com,Sergio Fajardo,[],Neutral,,kienyke.com
10/12/2025,‘Sin Abelardo hasta Fajardo’,https://news.google.com/rss/articles/CBMiggFBVV95cUxNUjByck1GY2t0YU1fREMyWDJ0d3NwRGZRMDVsZzZubWx1MHl4clVBSFFGQm9RUlZiNjFsSF80elF0ejRQUTlsdGdiNHBPWGFETldLLV9nNzZIclNiUzRvQzE0dG5FRjFFVFFOSTNmVW9mcktrZ0pKaDRjbW5DdEd2WkVR?oc=5,portafolio.co,Sergio Fajardo,[],Neutral,,portafolio.co
10/12/2025,Álvaro Uribe y César Gaviria no lograron el objetivo de hacer una consulta que fuera “desde Abelardo hasta Fajardo”: duro revés de los expresidentes,https://news.google.com/rss/articles/CBMimgJBVV95cUxNMlM2QTEzNzM1bkg1UlZoVkdTT2g5NTltUUtNZzJvRWJmZ1J4eTZjbjJDMVNndnVwOXlqeEp1NUwwUmZQdkdPZkRCYmJoaWp3Ty14ZjJZbklJSGktRUlTVWFWczlPN3YwUTh6Z1dvaDN4TFNPclZxN0tTNDBPM0FOT2s4OFNRTFh2RVVTaEtpeGg5MngwZ2lCNXFmcHdXbkxrX3JuTURmMm96aVdHTmc4bjhMOVIxazZsQUVFOWxEQW9pai1aOHNLc2JQazRxbXpjVzNtaUUxTF9qWmNRb19ucy0zOTliUEVMTjNQUFE0TWhHNWUzQ29DeU5ablRDcEdRNHk2dWFLOTROLWZnOWtaZUs3MlZ0WEdSRWfSAbQCQVVfeXFMT3dtTTBqcEZhV0RJOUdZdHVtNFpLd3NhVWR0MGNtTVB5QXpjOUEzNzJ2UkFQU0VsSVVkWnprdlI5OXk5UnlkYUNEVXp4dUdCNEI0c1dQLTBPMEI5VFN4TWZUSHU1Wmg5b0M5aHU4VGRBY0NTVlFfRXdUZ3JHMFA0OW82MVU2ZW5ZWmpRYVBrUDVjVkNrdndxaXVnVVdlWXFMdXJFV0QyVmVOSXFMOVMwWjUyeFJ5VzZmeWMyVTBrMllHNWhYTXgwTW8wcmw0YWROU2xiQ19GUVNFWE4tMzNJM2FWUkt1eldudkxYMUtvUUdIQVRoN0l6ZkIwUUlJcFZOSjJVQkcyMEZkS25mbFcwUlRjZkxYOUxwNHpWcjVNTVByUkIxRm9RWm05UGVhSUdsTUpSc3g?oc=5,infobae.com,Sergio Fajardo,['duro'],Negativa,duro,infobae.com
11/12/2025,Fajardo abrió la puerta a encuestas y dijo que “le va a ganar a Cepeda en segunda vuelta”,https://news.google.com/rss/articles/CBMiiAJBVV95cUxNOFVqU3RsWWpBSHBpSkMtckwwR0RwUWtiQUtidGpzZEdYZ0o4QUZDTlNMSHhIdkh2LW9sUWdpMGV3a3VkNzhLLUZ0ZXZPV1FzdVAyUUhSYWVwMUd6bHh3aFFEYkw1NG9KN3BFdi1DWW5qaEdfU1BvZEttenRtS1FUZlkxNkhfelhfNVMtQTlhalp3VGVLQjJoRW90MENOTDlhM3p1QXp3dGxJdVh3angxNi1NZGI1ZXFxUk1vY1lFanprcUVNZ1FLWmM2czhDQlpsV25XOHItV2hlMUNpRGVBYWFDUHUxOXlYMzczU2FSR0phYU5HNW9OakFza015dE9IVjFPQ2lZR0HSAZwCQVVfeXFMTnNieWpjM0JfX2hiZzl5QTNxYldhNXhYYU84Vld6M2xqZzV5YzYzcWRNZDlzb2FNVVVzUVByNmJ3MmZqWnNIakNlZlhuRU53MTY5OExjamY4MXN4SHVLeXNvVGdjNzJ3M0QyQ3FBNmJHLVkzbjJZTl9XOVdtRVFySHd3TlRnUExFWG1fTFoyYWEwanVWT2pic1pCZHZwM1NVdFJ4cVBDQlMxUS1EYnRpNUdrYXNxSjRlWk5vbmcwUWZlU19PU2RFRWNwTlZ5UVZucFNOUUw4R1Vxb3AxVE95UWNpUzZ4WVlKeDJwMGhLb01OUl9fU0lUMEM0cExUWlpvSmpLS0d0b0JDMGlfZTJkcG9NU3RhMWZYYW4wenM?oc=5,elespectador.com,Sergio Fajardo,,Positiva,elespectador.com,elespectador.com
11/12/2025,Lo que ganan y pierden Fajardo y De la Espriella al no ir a consulta,https://news.google.com/rss/articles/CBMiogFBVV95cUxNUThPY3FHTGg3Tnl4SU1wODZXOWE5WG9kcUpuajZ4Vm9HNC1BMG1qQ3BIUE5jdUxUV3lfUU45ZkVRZ3V2Qzk4MVV3bEtyeXZsTDM2dGpHY3ZQaVpwWS1rOVpVQjNtTnhIRk5pZWdvYVc2bnJNbTlYQzVQNUY2aXlEVktQYkJHcFVEYlo2Y2RWSHFva1JsN2pTR0ZkOUQ3ajR1MVE?oc=5,laopinion.co,Sergio Fajardo,,Neutral,laopinion.co,laopinion.co
11/12/2025,"No a la consulta, pero sí a las encuestas: Sergio Fajardo le abre la puerta a las mediciones para depurar candidaturas presidenciales",https://news.google.com/rss/articles/CBMigwJBVV95cUxPN1pOTk9yWXR6eDMtVHBfM2NtVURtd1pmYU1xVjVCM1JlS2dhLU5QZlZJWlMyMlNIZ2JqWGpuNkNFWmkyUW55SllSMFRMSF9jbkR2ZmZVMHExMUdQX0dYMkdSUGxjZnN6SVJSQmdsWW5RZ3hyQ2Rka2tDUUpZM2Y0TjVqdjRiZ3ZIWFhUZ2ZDYVBHSTJndDdjYUt6MXg0WkZudzlhczBPcWs3WFo1NXN1ZHJCQnFFQW05OGN6VzZEQzZjY2trYnRwTm9XVE1rbEZ3aG1TYnJDM1drcnBpSFlyYmNzMFMtVF9HLVBDUG9xTUN0a0JPczV1V0J1a2hRZGVaVzNF0gGIAkFVX3lxTE9FYkxaUmRlZTZpTVJLcmFjQmFlUGJ2U20xbm53QjJ1SS12VFVjUThIN1cwNGh2U3pxVHJ5WGtVY0NOUWFTY0tNZzUzcDh4TnVuVnl0MjBoSDF5Wl9UUFlBcng3QV9QdVVwak5nUEJNRDRuQ3A4N2E1SE0tYXpBRFVGcnZ2Szc2c0t1TTZyc1liZk5kSGVHMjJBQVE4QV9UVDN2OWdUM0huOTJZakJPZWlhOUhybjdlV1RyNExNcG9xWUJZLV9zd0FsU0xiU29OaVppZUFxenk2UDVDd0UwWk9CNnRHNjdQakcxa2hEazFaU29zdXZ6eXpiZVdsY3J6Z194R2FHWWY4eQ?oc=5,eltiempo.com,Sergio Fajardo,,Neutral,eltiempo.com,eltiempo.com
11/12/2025,Sergio Fajardo lanzó su plan para luchar contra la corrupción: “Solo sin alianzas oscuras se tiene la autoridad para liderar esta batalla frontal”,https://news.google.com/rss/articles/CBMitAJBVV95cUxPalY1Z2JKRHk2akw2eENhemx3aW8tMGdDV3JKTVpoWmR2LThOaW1GSXA4YWVWaW5ReGhfb054NHFZSHpUb2cwcTJoS3dOWVRzT2hGRkV3RjI4OTJKSHcxY2p5cDNDM21pUkJIQi1vNWE4Y3h2eUp0anBwdTRxUlh2REV3TlE5LW9oNXJHVWxwMmhLVDkwWm5UaWxqUkNCY0d5THlNY2p4MTQ0RTZFS3hSTHR2QkRnLVQ3aUZodmNVLVAtSEp6MWtlMlg0ZE50YTlNcmJBdWxQSWFZNmdTMVBmcjFTb045NTRneWhERll3MnNBQmNXekFRa25pUXFtNTlTcDgyWGtWM1JMcmRndkRTZm5USzFYR2RoN1JaTTlnVWNKVVMtWlBxWVY0Tm5iaW9TUzhfdNIBugJBVV95cUxQZnFOZmlYenZwYkFDWmlqckxIT2E1VEQtTm5vZ2hBQXBDQ1RTS1FtSk9JazNMbWZfQWZSUHMyWnBQVTI0QnJOb1ZsR3JuLXNtNzhITEtnMmxndlYyRURqajNKeWlsMjJ3U2dUVFJzdGhNN2duaUx3dTNkX1Q5TEZhdTZfdXhmRzJfS1R2akFjbUFnTUtqNlNVRXpGWkRnZDc5eEx1RG9LT0Zod0k1b3dGcG5sYWkwaGN5d3FOMWhWZVM2aFRROXRETVNOeTJIOVBJbE9fbzc3Nk9JM3BQOHpLT2NLb1Z6dmJaTmJtdWcyM2hTTURNaFNrcVUzTkhxcTR1N3poeFZ4LTF5YzM4ekV1TXlnZExhWnlJd3JqOXVaZUFFVTdZajg0a3Q5RGhKbkc2NnpBOURIcDlmZw?oc=5,eltiempo.com,Sergio Fajardo,,Positiva,eltiempo.com,eltiempo.com
11/12/2025,Lista de corruptos y Agencia Nacional Anticorrupción: la nueva propuesta de Sergio Fajardo para combatir ese delito,https://news.google.com/rss/articles/CBMi9gFBVV95cUxQUUs3UHU5MTZMZ2VsVWtnQTg5cnVXRFBodkJ0ci0tbFJLeDNfektENGlfb1NDNmNtd013cjF6TEJrbzVGbGFqUnRZTlRPMkw3a3p2WE4tRmdpQWN2MzBMZjQwNlJjN1dsQjVSNjZtanVVOEE1LTZBc0RVV1N3N2lraWpoU1EyODRabU9oNmJ1M1JUUWNUZElZYTQ5dHdXRF9zX2RFR2laRnU0ZERnYXRjekZ6M211X3pIMHdxeU9NZ3RySlpRMWViZTl2dWhoQ1Z1eEgxN0VEZktMYzMtZm9VSWdHUUlYdE5fRnpDWkE3MGotREswWXfSAfsBQVVfeXFMUHV2NmdvMTNhSzlQLWtaRllFaURaNExpQ0J6UHc2dDg5b0VZOEdWbUM3NE1tNG9hVWJIR0dnSElRUTFNU09BOGdlY3RKcG1DeDA5c1ZmUTBJYU5TNzBQcjlsN2dFdlZLenBuR2RvZDd3Wi02QUNDUXQzOFRoUTdoenhQdlRhNVlCdTFSSWJwcjBjTldheDJuWGc5SnR3ekJxQWUycGVaVzhzbmM4bVR0aHhHUWNuTGhNUHdHVEtZaEtBQkN5Y0hfekJYanVMQkxScHZ6SXpKVFNIYnVkZWY4dlhlZnR5aDBsNWpKMkxiNFJCenZ6NXBvWmo4SVE?oc=5,semana.com,Sergio Fajardo,,Positiva,semana.com,semana.com
11/12/2025,Sergio Fajardo pidió construir “una nueva mayoría” que pueda ganar la segunda vuelta presidencial,https://news.google.com/rss/articles/CBMi3AFBVV95cUxPYnluUEk5SkktcTd2NzNUNk5DR3UtT3JGNWJrbXFuVnFkVTdxc0VENkhxZzZnNl9fRVQ4S0h6cktZX3ZfU2NFXzNHclNFSGdvWHJfX1NUVzV5QmhvdzhLY1ZXYmFqVVZjRW5QR29zWDFKVHZhbFNvX0dIaWhsanhKOFNHMG1vRURqckF0Y3B1WlozenoxUC1Eb0czeHowbk1FMHpuS0VLaW5lTHNrbFRHcmFHZnlkSFJ6NkYtamM4bWsyYl9yVjZlOXdOVEp4Z1FNRHJQX1NrTTg4N19p0gHiAUFVX3lxTE9uOFRGekVuMlE2ZnF3RE1qWXdQZV9pLTMzaVdjOTVOVDBVbXpXSjdqREZTektsMDFrWm5EM2NGT2R4b0hjRGkzcjFIb0N1Qnd0NTlnVV9iTURUUXJselFwWnBDZThjY3NQeTA0NjItZURPWlRrMFFJQmlXUnpoM3F1dWs0bGdUWVp1YlBsT0JSOE5id0JpTVJFWXRfMDdJdVlBZDIzNkdxYUhUejd2cmktWXdBdzEtMnlDdmFxbW1qbm9YV2lVWU56eTdLUWY0Ti1sam1TNTFOR2VkZ1BuZWRVVUE?oc=5,semana.com,Sergio Fajardo,,Positiva,semana.com,semana.com
11/12/2025,Sergio Fajardo no descartó encuesta para escoger candidato mayoritario para 2026,https://news.google.com/rss/articles/CBMiugFBVV95cUxQVl9YX3NlenhEeHlabkphbE5laXpSbHI1X1VXTjNEOEw2alN4TEZFOFI4RFdNd2psek5JMlRsYURKTEtGdjZoU19sM25xVzZpYmJBMWtPbmtUSlBGczM4alVzNVNkV2ZITEUwd3c4UWlCbk1lQW5SQU5uRER2S2t3YVFTRVREazdHTGE3d1VfRDhPT1g0alFjYlBwUTBfRnpfSGVMSUhhUXlZZlA4cXVDV21sSDh0c1ZWRUHSAc4BQVVfeXFMT3dKVTAxSWQ5YnU5WHhRcUdRQk9RcTB5dUlqZXZCVmxUWWppYzFvR2czSFN4ZDBBbEduZC10NzB1TGF1M1hHdktubW1sbTA1aC1VRjBmaGFPajFBNkk2OWw5a1BDanpKcjJZemM2NG1aVThKV29rV1FnaDJabWp5eXdTbXhVbWc0TmVmUng2WmtjVW9SblJ5RGNqaFQzRzRRMEpGVENQbFlZNjFiWm1UajBqa2M3bkRBOERqMzhlbktJdDBaZno0bFcwbm1QT1E?oc=5,wradio.com.co,Sergio Fajardo,,Neutral,wradio.com.co,wradio.com.co
11/12/2025,Sergio Fajardo propone crear una Agencia Nacional Anticorrupción,https://news.google.com/rss/articles/CBMirwFBVV95cUxQRnJtUkVTYkdJNVBJX3VFZGdTOFBWMTFXRnFZSFFCSG04SHhxYUZYMjBxUlJYdEM3OE1yTTZsVTl3YzhPM3hrdnZtUlJkTGtaODZyVUUtbkw4QkdQdWF5TGhpN1NjWklwb2t0eTMzWGE4ajVHeUpPZkxBNFlmejdWZXFadWJEZDVXM3ZFcGpDWDF6ZllpcURSZEhyS0RBYmxxRWpiUGVud2tBNlJMd0k00gHKAUFVX3lxTFBTSGp1TERCTi02blAyVDdvVTk4aUc4ZFV5THphLWtpaWRHV09JWmRKakVLRU84YlNTdGRmb3RLUzI1eS14cWtZWF84Q1VzTHhoZEl4OWpHX05rUWU4N0hRNGdKT01RMDJKX0VuVjZyZXFaa1FxYU1OdktXXy1yejhwVy1DWHJYQWxaTzBLRTV4ckY3LWZZYThvNGw1c2ZNZ29EVFgydEdkZXhvZnFsemdlUHhYbGhmdE9Cd3VMaWxuMWsxdW9YSGk5UUE?oc=5,elheraldo.co,Sergio Fajardo,,Positiva,elheraldo.co,elheraldo.co
11/12/2025,"Sergio Fajardo, precandidato presidencial, propone crear una Agencia Nacional Anticorrupción",https://news.google.com/rss/articles/CBMiwgFBVV95cUxNMmhvNW1RSFBxWDRxZFhMYXpSc2p6bVhvWnllaHc5NnFrMklObGNYRXJ1c05wMzlWdFdEVUh5aHFYWHRZelVqWUFGX09USHRPdHBvUm1LQjJla0FSellkckVUbVVtRXlVbzI2d0dfcU9aLXRuZkxkb0tMdXYtdWFTVWhvNHh3VklKVVJqQWtwM2ZkZjB2SmViOEkxdW1kME9lamVqV1BVbm9CTlRRbW1RM201QW1fLW9yTlJrM1BHZi1EZw?oc=5,lapatria.com,Sergio Fajardo,,Positiva,lapatria.com,lapatria.com
11/12/2025,Fajardo propone la construcción de una “nueva mayoría”: Dice que se puede consolidar a través de encuestas,https://news.google.com/rss/articles/CBMi6AFBVV95cUxQcmlFX0ZZYi02QjVHUExpR2xidjhZV25wM2NvNDhyZHpmVWlQWTBqd2dha19UZ0RiXzJhSk15ODBFWmZOTTNrbmdRQms3QkNmUnAwY1RYU3VDREZnc2t2dFY2ZzdsSHNVb00xb3hwRnd2eHg0TVJjOEJkOVFmZFo4S1llVGprb05sU1lSOUpoSU96SFZyYnpaWF9vWHdPNUU5REJlU3puN0xUZFFaVUlDRjMtNkFMcEZCQnN5STJXZHBqUExoUnBKOWhHM1pfdDhFd2N6QzNvVDdvVFllcW4tY2U2SFlDTXU40gHoAUFVX3lxTFByaUVfRlliLTZCNUdQTGlHbGJ2OFlXbnAzY280OHJkemZVaVBZMGp3Z2FrX1RnRGJfMmFKTXk4MEVaZk5NM2tuZ1FCazdCQ2ZScDBjVFhTdUNERmdza3Z0VjZnN2xIc1VvTTFveHBGd3Z4eDRNUmM4QmQ5UWZkWjhLWWVUamtvTmxTWVI5SmhJT3pIVnJielpYX29Yd081RTlEQmVTem43TFRkUVpVSUNGMy02QUxwRkJCc3lJMldkcGpQTGhScEo5aEczWl90OEV3Y3pDM29UN29UWWVxbi1jZTZIWUNNdTg?oc=5,caracol.com.co,Sergio Fajardo,,Neutral,caracol.com.co,caracol.com.co
11/12/2025,"Tras rechazar consulta interpartidista, Fajardo propone una encuesta",https://news.google.com/rss/articles/CBMiqAFBVV95cUxPWGtEOFA3NE5BZ1lYbHBIeUZFUkVBNWs4eUM2eGt3SWdBVUVCdXNPYmVnZW1PdHRJLUVjNkZIVDVjcEhYdTI5cnN6ZnZjbE5ITV9xSGZqa1VuXzNkOV9lUEl2azlBODE4MmVWUVBTeVQtRE96dGVNdUtHbWFuSGxiQjBMSHVPd1pIaDFvQjJTeGxDdzNoWU9uRm9Yb2NLdlpFQWF1ZE01ZjA?oc=5,lasillavacia.com,Sergio Fajardo,,Neutral,lasillavacia.com,lasillavacia.com
11/12/2025,Fajardo no descarta medirse en una encuesta para escoger candidato de una “nueva mayoría”,https://news.google.com/rss/articles/CBMixgFBVV95cUxPZ3NJWXozbXJvYkxPSVVjVU1fcXk3LVQxLTlZTk9nS2h2dmxIaC1GeUR2c0p6NnlVNjFtcXVVRU1FV05aaXJWQnVSalFHcWd0T2taSHAxYUUxS05CSXNxcGg0WDlMVzBzam0wczc4TU1PUTlDdG9pbEd3WG9VbnBMTURTU2VGZ1pHMUotQUdvQlo3NWp4anlKQS1oMW1SblBYNTZ1SnJlcFItaHBxdXNPaVZzQjZYVmY4YU1fZ01aSTJVcTd1MmfSAcYBQVVfeXFMTVRlZldRUTVxLUFsekt0MDA1M3VSMnR1MmNKcHJ0cEdjNDJSanRyUFkxWXozUjRlamhHR0stbkl4cG42bG5TaDRKRXZ3MXdyMlNValVXU2hyNEVNQXFGUWhjNjJ3VDlqVXpmTjlzYVhOdnpZdHU1MUZpMjFjNC1aMXo3TGpBUnhrN3JHdkpkVEVNVkhrQXAxUHRiRzdHd2hRTWRIRV9xdmVaekFMWGRvM2c0aWpPTWdSa1dZMTZDWU9UajhuenFR?oc=5,lafm.com.co,Sergio Fajardo,,Neutral,lafm.com.co,lafm.com.co
11/12/2025,La apuesta de Fajardo: No ir a una consulta con otros candidatos de centro para formar una alianza moderada alejada de la extrema derecha. Quiere más adhesiones que alianzas. ¿Llegarán?,https://news.google.com/rss/articles/CBMijAFBVV95cUxOZkJYSGNXbnZxRUxxS2FqNXNUN3A0aUF2SWNKNDJueVl3OHhXXzdCWHRSNmRCTWtCQ0ZXRHpnek5BY3NlMmdrOHQ1OE5iMGtCVjY4bjR1V1R2UUhrSGI5aHk3QzNNR3o2bG1XazIzYVRHYTlLYU55UjMyUlhSbEpWNUlaUEppVVZZWkFVRNIBoAFBVV95cUxQZkQ2N3hDa3FtZjBMWm5DSWladjVaVXZsaGZXNjJ4Wnd4UURNYUdncy0xbThUVk5hUmJVRjhxZUJhV2FKenZkMjVoZlU5bUV0QmtzekhDV1FBLVpyRGJMTVQ4Zy05YXhCMmNIMnI3NmR5STAtUjVaZzNLdmc0MmQtTnRBSmxuN2N4T0tQeGh2dFdfb0htY3czNmNCdUNrcG53?oc=5,elespectador.com,Sergio Fajardo,,Neutral,elespectador.com,elespectador.com
12/12/2025,Sergio Fajardo contó en vivo cómo le quitará votos a Abelardo de la Espriella: “Esto aquí no es para hacer experimentos”,https://news.google.com/rss/articles/CBMikgJBVV95cUxObGw2QkhTSGlfYUdjckhDV2lvWGU3bDBaLVd1dTdyN1lneWpWUG5ldm1PSml1c3BTelB2X1JuaGdqNUlleEdzbURERld6MGtMWG9veEo3M09qRlRRVFNVN0dqNF8wdkRPR3Z0d1dXWC1ZTGEtSjJwbjNzQnRkbmdUalN5dEN3blJBdk5SZnhiaDdycGtnbzFWNFBkTkZZbzJZR29aWTcyandIV3c4a3l6MmJXaDZLclJUNjA2bktFZjBoRkZySUx2NnY0eUl4OWRxM3pHREE2WmllaVdORlBIZFQ4Y3VyVXNCWmh2RlRVM1h3cmV3ODhDYVR5MGVxQ2htbUJxcWVaMk03V2cxWlJOTDNB0gGXAkFVX3lxTE93cGt3a0wtck5oRU9CRjNBY21EemhlLUtPeHRPYUFDYkxQUGZvYmFndjdoN3NKb28xd3lOaHB5SW5QWHdOQ3dRSVRIM20wbUh3YXdrTTVrWEhKMG11WktVWFV3VGhJa19LOThMbG4tc210ZC1jcFphaW9FX1dZeFVuUWprTTVDVHFMRDR1b1dkbUFNQzFaQk13NEktbzhmY3ZsS0VPOF85ZmUzVmFvYUROalU0UnZRUWxXUkhrSkdsVHlOVWZOSks5dkg5WUpvMENaU0pWUWhSOXU2UTJPREJnd1JzTXI3aXNnSzNwZTFkMWVKSG9TaXdKWTdISTFrd1o1b3hnN0ZqY0txVG4wa0otekFsX253Yw?oc=5,semana.com,Sergio Fajardo,[],Positiva,,semana.com
12/12/2025,"Fajardo sacó garras sobre su plan ante Abelardo de la Espriella: ""No es para hacer experimentos""",https://news.google.com/rss/articles/CBMiqwFBVV95cUxNSFpUV3c2OVBpeS16YTZhWnRQZmVLVi1sWmVPX1pRR19jcGkxODc1NHY1cDg0bXRtTTlYNFFPTjhRNFBIMGVieDFJb1JIel9PVS1ScWY0Z1Rrd2dEQnVmXzNkQkVVd3preGt2RWJHM3AwMlJRMjZaZS1UeGJ0VTdwYTUtV3VkLUJyRGdnQTg5UWxCWFpHTWpzQmxaT0ctVjBrVzlNZWxNaElnSGvSAbABQVVfeXFMTUlCcmw1Wlpva0dZTE0wb3NkLWF0NUdIZUhtZGtpemt4dk1FSG9rRlRjakFRc0FUZm9aWVhYOWk1bUlac3RwSG5jZGd4QU1zVHdpaExNaE9qeENDbUl4a00zdVF4UTdjYVZfTW53Q0Yybm12WFAwUld3dkpmZmRWaDVLRzc0akdRVzhVb1lxbnNGbEw4N2hIU1VtS0xneC0yZXNqNXBUNnN2TExUZnczMEY?oc=5,pulzo.com,Sergio Fajardo,[],Positiva,,pulzo.com
12/12/2025,De la Espriella y Fajardo se medirán en la primera vuelta a la Presidencia,https://news.google.com/rss/articles/CBMiZ0FVX3lxTE1uaHhrUlNHVF9zN0xFeUFBUDNpc0lqX1FvbVVJdGtsMXNMd0lZUE5hT3liM05SdjI4amtPUVgya2FlellyNnFNNm1zNWc1V19kenkwa0pNbzl0SDhrd0VXeTU1bXhkYjQ?oc=5,diariodelsur.com.co,Sergio Fajardo,['primera'],Neutral,,diariodelsur.com.co
12/12/2025,Crece la desconfianza en torno a Fajardo y su papel en la división del centro político,https://news.google.com/rss/articles/CBMizgFBVV95cUxOZ3NnOEJRdHktQVBmejBiakc2Sjc1VmxvNVA2MzBEaVZ0b0JoTUg2VWxrZGQ5MGlqeHJmUXZZd01PanF6YWlKOHhwNkM5SE54aTNYcGdUUHhXazJsRzloTXlqNTJzQ1l1eWJ1bjQyaXE1STVocnh5a3B3dGJKQTAxVDZqbXM4al9tQ19tLVdRemlVbEV1cXl0Y0trOXRpYlRCUUduM1NaWWF0ZkxqWUJXZ3Rya0JiQ0dpYkdPUks0NjRtQUdjem5nbEprbURjQQ?oc=5,diariolalibertad.com,Sergio Fajardo,['político'],Negativa,,diariolalibertad.com
12/12/2025,Propuesta de Sergio Fajardo de hacer encuestas para elegir candidato recibió guiño de Álvaro Uribe y derecha examina su viabilidad,https://news.google.com/rss/articles/CBMiggJBVV95cUxOWVREVER5OWtwUjBsRHYzZ0pEUHdTSk9hTWEzWWM0VmlDVnhvbzVtdnR1UFlhcUNubEVQYTBrWnY5RDNuQVZxRWZyVkNqWHR4Z2RsdHV2OTctMFVZbXhxTG1OTjM3ZWowSXY1S0J5YlhwelllWXc3S2xDSHFPSm5MOWxFUm92dGVGZUxmd0FqV1BadnRHUkJOQUJvUUhFSkJqc3ZNTzM4T3gyRy1VcFF6VlBIbEhDdXY2ZW9ZMnJPU3lUdXNQQnlVZGZmN2ttb1hyRVo1eVQ0TkxMUzByeFhITEtEWnhwbW9wRmhqOUZKZC14akpsS1NyM2NOY1FRYnlwVGfSAYcCQVVfeXFMTjBnQjZwc3E3Zk93YVZLVC1NSWdHbEpIUVNWcTdNcDJDcGNCU2dodF8wWmV3TGZYRENmVWdnZmZHc2xZU0p5RGhhYUswMUs2d1JzRDhQNVItbjljbzRrcUlqNTBTbXlsRmp0dFhpNUd3djlWaUQ0a1BtVFl3eks4QXRMaHFzaGlXWlNqMnpmMkt6dUR2bUc4aG9pWTNpNWpEeHV5TWVmMFRIYkVDcmJoZk9pRmdwNDJPTWZYTUtmWm14RVJXM3Awd0E3OFpmUkFzZWRienNfUGZmRmdTTjJ2aWhTODJlbFdhMGxDMVVCS3lrc0RMUjhlWHNqcG10ZG85Zm9zbFlkc00?oc=5,eltiempo.com,Sergio Fajardo,"['derecha', 'examina']",Positiva,,eltiempo.com
12/12/2025,‘Sergio Fajardo quiere ganar sin competir y sin unir’: Claudia López habla sobre su entrega de firmas y la actualidad de la contienda presidencial,https://news.google.com/rss/articles/CBMitAJBVV95cUxPbktBSzRkQ0RPOHNyanVxOGJqcjAycVZUU1NWdjREY2o1bFpPM3h5UmtmU2VGdHFWUGJzTEtCVk5HMWZPYVBtcWRIMDJzWXJpTFJpdHVFZW1fdHF2Y1dlQlBqdDFsdHFvek43VkcwbTl1RTB2MU1hcmN6Q1JhcHhick9RZVRxU2Q3RUZHRDU4blFMN0lvdFJnTUVGOEgyS1owOS1OOHRhNjQ1REJkX3ZpZjZGMTNUT3RTdkxMUkMxYS1UNkN1RGN5LXRnRTA0UVdhMkFHcHFXaWFKa0I2OTdRbnpmTU5US3hBeDF0X1VOVFkwak9WV000cXp4Mjh3emN4QWlYNEhtNkFUN0VsWl9iRXVVbDBiTHBXOFRCYmdLWlRGZTNmaVNZaFBmeHVpc0JwYUlyUNIBugJBVV95cUxNZGZWa1B5LUVuUnM0VmFwOFFUZEpDLXlWdk1tZkhPMkdMYWlDblI0dVBQbHNUeW82c3NKZDFZcHJoR3kxMFRGZHBpbHVmbFZOaGtwaGptemVoN1pnZUx6VFRiZ2Rxa3FIbDdlODk3bnRBbXJVQzVTTTYyeUIwTjZIX0RBaU9mN042aGRNcy1OeEZkRlBiZzF1RUVrZW9pVkVyaXBheTUteTRsWURmc3JFSy1tMjdxU0x3QjhoZFE1dE1PaGZOVzN4dUNRLTJnN3RJU21wYUVuaGtsQkVtelBmZ0lRUTZKcGJLZkxjb1RmZTFITDZCV2FqcDFwM2dDZFhyV0JNSGx4Z2luM1VzVFNsbTZsTTQ0TUdZbUZ4NHFRbkNnTjBIRk1zNUhnanRyY2Yzb0cydWlPaDdtQQ?oc=5,eltiempo.com,Sergio Fajardo,['presidencial'],Negativa,,eltiempo.com
12/12/2025,¿Por qué Sergio Fajardo no va a las consultas de marzo del 2026? Entérese aquí,https://news.google.com/rss/articles/CBMixAFBVV95cUxNdWNWeWxXY09KbkdyMWVwVHpBWDB4Znd4ZzJiWGk5MWhwUXhhVXkxZTZMR1NWcDBQX3ppVlVXTTVsQ1JWQ1ZTQUMzY2M0YnZjelZFN1UxVEJsOF9iMXRmRGw1bm1sWlpQNUM5eUVkNGw4TjJvZC1WUzJYdFJPRUZUaVBfSy1oSTB2X2cxVHF1Q0pFc2VGVnhUUlk0RUZsMS00SkZMeFRJUnVCYTBNQWZrN3FVOE52MVV0QzUzay13VGhHanpZ0gHKAUFVX3lxTFBzNUJmcUNmZjVEa1FSeG5RQkVNRC1xbnBlOG84QWV0VVFZbU1zc1c4aWQxdExJWXJVZ0ZRaEU5cERlU3VXN2xHY1ZLQ1g1azJsQ2FNa3VlMFRmbWRYVjB1ZTJJcjN2UTBRVXV1Zmh3ejlaVU1PWnczUGoyYWJadk1pQTJPZlMwTGwxNXByZWN1VUNiQVJVejdjN3EwdUlmX2dZSmtsT0RlTGlXMmhHbnpQT3ctTjI0OXVaWVgzVDZzWmJ4YVZyRkRuZVE?oc=5,semana.com,Sergio Fajardo,[],Neutral,,semana.com
12/12/2025,"Sergio Fajardo no va a consulta, pero deja sobre la mesa mecanismo que le llama la atención: “Ahí es donde aparecen oportunidades”",https://news.google.com/rss/articles/CBMingJBVV95cUxNUFFDU19FNVBFWnpDX050REk3T0hBdGZ3QjhDVmd3enZmZVhrUDRoR1c2TllQMFk1QjAzWU9lOXJHVnFKcFhzZEFUMkZOZ3g0bGhGRjNjWE45cEJKV2lBUlRvY18yQV9HZWcxQmRfUk42VnB0bDh3YkpmYmpBaFJGbk43NHAxLUh3RmQ5STlsdjUtVTRvQXZ5ZFVjUFgzSnFqRjk3cXkwY1gzZU02TzE4SDJuNlRaSWFrY1ltTGFYU0tDQXRpNjJTRE5Xd1RZLXJDZkVDUzlRSHhsc0R5aC1pZzRBZjZraTd2ZXBXYkFtZnRDdy0xZ2dzN0hBYlpldThDdVFDbmdOUF9mMHNBMlRYTFVzcF9palh4SmgtdnNB0gGjAkFVX3lxTE1FbDZ3bTZnc1dCWGJpRDQ4ZDV1dWJ6Y1RKMnoweGprUF9Nd1h3VHBHakRVRmY1dUpSREp4ZElIcjBieTFMVFdBNXFMcjJkalRMLU1JVkR3em1kNGdKRzdmRWpxb19LNVhkTnY5MHA5RXZZY1I1WDdIQVdzS3R6UGxUUXBDakUwN203MVBKLS1Ea3FkX3pQODZpbWsxNk16M0xXSk8xcTl1ZlBURWV0VVlYUXA3NlVKSjN5WGM1WkFhYlpUT1ZmNnhwYk1CTDVCcExjYUh3OHQ0a01xdE1JSkJZcEVnSzhtbGJqTlJfY3RhQjYyczJpNU9VMWhYdWtkVG5iUFc1NUhtQm5GZUpfWmhWU3FsenVpVTNfQzhkY01QVUhKMA?oc=5,semana.com,Sergio Fajardo,[],Positiva,,semana.com
12/12/2025,"VIDEO | Sergio Fajardo: “cero nervios, vamos a construir una nueva mayoría”",https://news.google.com/rss/articles/CBMi0gFBVV95cUxNSDRleEwxUnItcFBXSEVkbDc0dXdUV0x0T1JwUnMyV0YyMmt4NFNia0hwV2tCLUhKVWNiSjd4Qk5rZ1JKb1h0dnhWZWExWGJGM2FOOEFzWG5EVUJ0eTcxRU0zVmJZeUpZY3lCb29vVUlmSDV5bzBPZUxkcVBfZTVRd19UelRfaGt4SXJsTFNMeVNLSnhrQzRqemFTYUNjZnQ3WmhSVHZ3UXZLeE8wLTRsLWFCb1FCX0RHS1R0UUQ1QlJ3VkxWSjI4RDV5UGFzNjliaWc?oc=5,semana.com,Sergio Fajardo,['nueva'],Positiva,,semana.com
12/12/2025,Sergio Fajardo reveló estrategia para superar a Abelardo de la Espriella en la primera vuelta: “Esto aquí no es para hacer experimentos”,https://news.google.com/rss/articles/CBMiigJBVV95cUxQX0Y3cVZLZlhveEtqeW9jZVJaSWotOHUwYm5vX2pGY2loVnd3S2FQZFhoOWtha0RreUxHQkFVd3dhdjlSemhRbEhqZEZqb0ZyU203bkt3UTV6d1NpZ3F4aGFPWXhfRWtaWjhQTWF0WDU3QmpsSmlMMmlpLWtGZ1VXaFE3T29IeXhDVElKeHZHRXZHbWhPR2ZaRVFxVHlYUnZjYk9KbnplMlJtZ3RqSmFlX1FUWU5ubml6ejJqY0Y3WFZ1WVJuUllCVDBiZVlrZlJITWtJSUloVi1zWVNnQ3Y5NXVoaXQ1ckdTMEFuNVI3SmFCTTB1MFNTZkd4NTRxdDdFcklvREdsR2o1d9IBpAJBVV95cUxPOFhxWE9lcktsSEJYTjQyR2ZESFIwTzhXUVRxcGU4UEtCRUE3MDBELVhFVWNWX3hTTDJkWkpZcmpBdmVHUi1iZVN3OFU4Q214YkNZZ05OQ0pBdmhpaG5VbW1NRzAzTjhnUl9rV000djRvSFVtaVRSR3RZcnVHOW1SWl9xby1YbkZ5WGhyTFlrc0VWLXhzUS1pcGRxS2NJMlctTGNsSGJXSzNabkFsNUhyNnRISVRMdzQ5YU5iYTZnN1VMUmJMd0hYb2ZHWFd0Mk14SHE0a2d2QTdnZ0xnamhlV3JGVDE5NUZEVnQtMmN5ODFZcWhNa2lMZzZ6dmxkOGcxRUpfUEJvS1F6cWRqRXdzWU5VbFc2OTVVQjBBcWgyRXFsN0Fx?oc=5,infobae.com,Sergio Fajardo,['primera'],Positiva,,infobae.com
15/12/2025,"Sergio Fajardo: “He aprendido del pasado. Este es un nuevo Fajardo, uno que va a ganar”",https://news.google.com/rss/articles/CBMizwFBVV95cUxPb3dqaS1RSXRmQlphY1J4LVozeDZMNXpFT0JBTkdodWVsTk5Ia3VyZlZHVlQ1MG81QWhwWW5OQl9iUnRSbkFiUW5JWFRldVNCYTJmSGdxWVlhZ0RkSjdTbWJlVEFONm95NmRSLThRSlZ2YXBoNkdaTFdvSEN3RmVVdnNqcjl2ZkNGVHJaMGtWYWNlTGdoVHFYdWR1d0tnYm9IQmhpR2VsUnNIbHBJblpUVkIyZDhtbGNTSldqejNTM0xGRmpMbDV0aDFnWDMwTm_SAeMBQVVfeXFMTmstVFNFVlNPNWNoS01fbDljNzNJNFBhY2p4ZU8xaVFQa3BNOC16OU1OVWlyZDNncUlwM1NIQnRZRW5GbjdERk9obFRGNkZ0VEVhTzk1a0t1d1pGTkNQbU1uTVBmaHNjNVFWTnN0UzgtMDliWG9TRVV2V05JVk5qZ0ZEMG9STEk4OW9YdzB4MEtiMTBrT0VWbDhYMzNnNWYzc3dZSzFiNmtvTXlndllqU2Z0aWtkSXB6VDNHZHVPU3QzMDYxcVdMVHMtRnZPcXUzYVhVa1VqQkdHeVBDeEc2YlNHRkE?oc=5,elpais.com,Sergio Fajardo,['nuevo'],Positiva,,elpais.com
15/12/2025,Precandidato colombiano Sergio Fajardo propone crear una Agencia Nacional Anticorrupción,https://news.google.com/rss/articles/CBMi2AFBVV95cUxQVUw0VTBUTzhOT0JjcWZ0YXlqYkRFUl9QcEQyUVdNNndLLUpDMEhUS1Y1RlczZ1Z0T0ZTRVBYaUdsMk9EUU5ZMEUxa0E5SmIyckdFQXF2SUw2MHk3ekhWWFVCZ2c5U1RLQnNtdFdkT0tzVy1LLWw1UmxYeE5adU94MUpvMTVKNWpDSDVhOEtTSVJUeVdzVWtCbF9veWdpQXdjTHkzU2tTTllhRDQwQnF6VDI3MEZ1VmFmdTN2WkhkYlhfVnV1UzhPSDgtbzhBcjJDeTBWX3VtUTnSAfMBQVVfeXFMTlFaa0lETWpRcnJBejZXNktyVENRUkFvTi0yZ3ZVNTRYUnZ1VHh6U0RhUzVwZTZuRUtBS1A1bUl2X3ZEZzF4OVhtWmlVbWFJSi1tbk5wOHFTY2VHUjNaQ2RZTW5XLVk4UndGR1hTcUVrekJ5dnBvaWV2N2gxNllYZEV4azZvZklPd2l1U3lWMGdEZC1LcUNmcDkyYlJGaWwyQ08xQ25pQ3paX0w2LXNjV09VeWtibnd6amRfeHVuOXFIN2syd1ZNbnBKSXROQTJXaC13Z1RNU3VhVnY4U0F4Qm02a29DZ1Q3ZW9hWWN0Zk1YV3pZ?oc=5,infobae.com,Sergio Fajardo,['colombiano'],Positiva,corrupción,infobae.com
15/12/2025,FAJARDO ES EL HOMBRE,https://news.google.com/rss/articles/CBMihAFBVV95cUxOeUtIMUZDZmEwU3dZZThqSlRRajQwLS1adGUyMVQ2WTc0TVYzVDdHZUpucU5VR1YxaGptTkJOZ3NTemlXSkdEaENTcGRoVFRXWGE3YkFBUFg5bDBqTi1FZ0RCLWViR1ZtQzdGblByQlhVdzVmajlrZkRwX3hMaDZtOVpoWm8?oc=5,cambiocolombia.com,Sergio Fajardo,[],Positiva,,cambiocolombia.com
15/12/2025,Fajardo debe ser el próximo presidente de Colombia,https://news.google.com/rss/articles/CBMihAFBVV95cUxOR1liQ0YzcjlsRWtFNU93UVVnbWd5ODZZVk9hUEVUazFjMEpFcXkybk5uZkdLSm1JendQTS1ydFl5RzM5SlJoeXdRTEMyQlJ5cFBkQmxMc1R6b0VGRkNBRUM3eXdPSGVzMUJ2aGZ1SkJUNjBSUm9MUlRLZW56dVhfZ1RLeEU?oc=5,las2orillas.co,Sergio Fajardo,['próximo'],Positiva,,las2orillas.co
15/12/2025,El precandidato presidencial Daniel Palacios Daniel Palacios criticó a Fajardo y Abelardo de la Espriella por evitar las consulta interpartidistas,https://news.google.com/rss/articles/CBMitAFBVV95cUxNeFNiNjlBbFpLbDRSYjd3RmItbEM2Nlk5RjQ4Njc2Q19oQ003ZFBvRlRzZDdjMHpVb2NWcmxjOVA2SmREYy1EaEJ3RGRGQlVyZXNYV2xwanlnR1htaW9kNmZjb0k3Y3pMZV9iMGZxbXVqM1NnV3VSMTc2OHRWSDBGNURSNkkwX3FhaHQ5QUxFZklHWkVSLW1JSVVCREdJWEtMbUZ2YWJyU3A3Qk9HMjdraVRCWlnSAboBQVVfeXFMTm9jWkFSNVZqamFLRWF0SUFsT2UwakZmZ1Z3UU5BVUY5V2VVd0syVUlyb3JsVTRoQVE4cTl2aTFWR2tPd3l1ejZSdUVtQlpkQjBEQk1NUHE5ZHI5S1BUcjAtZFdGQnVZWjNUU016eGpSMERIV0VaRHktRkFmUDFCY0xLYmhpWTVkeVhWNUxkbmJucVZRcDR6SldfNDk1ckYzcHltYUZJdElERWE2WmdPZFdlU3haZko0QTh3?oc=5,kienyke.com,Sergio Fajardo,[],Negativa,,kienyke.com
15/12/2025,Respaldo a propuesta de Fajardo de definir el candidato por encuestas,https://news.google.com/rss/articles/CBMiX0FVX3lxTFBhY3BnT2wwVGpUWHJyREdPUmRHUFIxU2g4bUFtdWV2OTlRQVJvYlJUb0FLZVJkbnNzWVgzSGtIVldTcE9CU3d3VkNxWkVQQ0JFRUwyaGhRZjU0TFNkRXJR?oc=5,diariodelsur.com.co,Sergio Fajardo,[],Positiva,,diariodelsur.com.co
16/12/2025,Fajardo es el hombre,https://news.google.com/rss/articles/CBMiekFVX3lxTE5sYUxzNXBKUERfcDA1c1ZnMndvY1N6ZWJhWjRUSzZIMDRoYjdoSVZQbHZYWG0wREZ1R2F3clpYeW51akJmclVfZzRZWEFBQXRXeVZvMXFGcll2Q0RTSDRJZ1g0WXhnc3lpd0JHRTI5dTFYSFZWaHhycWhR0gF_QVVfeXFMTmRvRUlUNVV5c3Q5Z1RBV1VVZGo3R3FzR19uRW9YWV9VY0gtZGxfc3ZsMlBtOF8xWEFUODBhZmR6UXl4ZndRWlIyNWlLUjZkeHJGR21ZQXN0ZkZ6SzJ3cE5jVDQ2NWRuUjFpZ0FLOURjNlJJQjNLeVBvVHBpcXotOA?oc=5,portafolio.co,Sergio Fajardo,[],Positiva,,portafolio.co
16/12/2025,Exclusiva | Juan Daniel Oviedo habló sobre su campaña presidencial de consensos y criticó a Sergio Fajardo no participar en una consulta interpartidista,https://90minutos.co/colombia/exclusiva-juan-daniel-oviedo-hablo-sobre-su-campana-presidencial-de-consensos-15-12-2025/amp/,90minutos.co,Sergio Fajardo,[],Negativa,,90minutos.co
16/12/2025,"Tras anuncio de candidatura de Paloma Valencia en el Centro Democrático Abelardo de la Espriella se dispara en Polymarket y reporta el 40 % de probabilidades de ganar la Presidencia frente al 33 % de Iván Cepeda y el 14 % de Sergio Fajardo.
",https://www.semana.com/confidenciales/articulo/tras-anuncio-de-candidatura-de-paloma-valencia-en-el-centro-democratico-abelardo-de-la-espriella-se-dispara-en-polymarket/202520/,semana.com,Sergio Fajardo,[],Neutral,,semana.com
16/12/2025,Abelardo de la Espriella se dispara en Polymarket luego de anunciarse la candidatura de Paloma Valencia por el Centro Democrático con 39% de probabilidades de ganar la Presidencia en 2026 seguido de Iván Cepeda con un 33 % y Sergio Fajardo con el 14 % ,https://www.elpais.com.co/amp/colombia/abelardo-de-la-espriella-se-dispara-en-polymarket-luego-de-anunciarse-la-candidatura-de-paloma-valencia-por-el-centro-democratico-1602.html,elpais.com.co,Sergio Fajardo,[],Neutral,,elpais.com.co
16/12/2025,Candidaturas a la Cámara por Antioquia enunciaron respaldo a Sergio Fajardo,https://ifmnoticias.com/candidaturas-a-la-camara-por-antioquia-enunciaron-respaldo-a-sergio-fajardo/,ifmnoticias.com,Sergio Fajardo,[],Positiva,,ifmnoticias.com
16/12/2025,"Precandidata Vicky Dávila se unirá a coalición de centroderecha: Juan Daniel Oviedo, Juan Manuel Galán, David Luna, Aníbal Gaviria y Mauricio Cárdenas ya hacen parte de esa coalición, mientras que Abelardo de la Espriella y Sergio Fajardo irían directo a la primera vuelta.
",https://www.bluradio.com/politica/precandidata-vicky-davila-se-unira-a-coalicion-de-centroderecha-rg10?_amp=true,bluradio.com,Sergio Fajardo,[],Neutral,,bluradio.com
17/12/2025,"Sin Abelardo de la Espriella y Sergio Fajardo, así se cocinan las alianzas para las consultas interpartidistas de marzo",https://news.google.com/rss/articles/CBMikwJBVV95cUxOZFNGUGFsaGdiQnFKVllSSnBDcjhfX1o5LWVhNjFNaG1sSlVWMVlUUUs1N1gyQTIzVzRPTS1SUHNreGstdnZyR3pmOUFzSXRMRVZYQkd0MzZ5OERoMXkzTndGRzM2X0JjM3FEUjNJbjNua09yQVctcEstejByM1p0QjFzQU5NNEFqZGR0TEpRWnJOemp5TmxtWjVnTldKbWJFd09RM1BET0ZGZFN3a0hUdjN4ci1zUDNUZ2JFNk1fWjNtOTF4UGxYbktDRllydW45UURCZlhGTDUzYzJvYzBmZXpBZnNsWlNGTlNkR0U4Mjd1Z0RGY2YtandqdVVGallCLS1YMjNteE5iNWNsOWs0SXJNSdIBmAJBVV95cUxOTzFqaXhSWTQ2azJYaS1lZmxiV0RtSWh4aE8xeDE4RUNjcDlHaHd1MWpMZURrOGR0aWxCaFU4RXRTQzRwRWlVSlBTUm84OHZOUWVmbWVqU0R5bjZOVE9QRWluVTR5R3lDUHFTREcyN3ZHU1hCT2N4MFVCWkMtcXlTLUNHbmNFU0dlMlI5V1c5Xy1DbjA0bjBBUENEbWwyTU1BQ2N5Z2FtYTI1akpkWXFoNjdSS1pRZEhtWnRBXzdEVVFCaXVyYjhxM2JJcm9aYnNOSFNJQjFNeE83YU1IV3J0Q2s2dVNNcVpURnc0T1Jwc253aDItd1ZybkhETEZfZXZ0cGVnSWVWYmhvbVJvNml4aWlDS01NT1Vl?oc=5,eltiempo.com,Sergio Fajardo,['interpartidistas'],Neutral,,eltiempo.com
17/12/2025,"Gustavo Petro y su agitada noche en X: lamentó el hundimiento de su reforma a la salud, cuestionó a Sergio Fajardo, Catherine Juvinao y Cambio Radical",https://news.google.com/rss/articles/CBMiogJBVV95cUxQbEJQWXVJWXVQd2dJRFdiZVJTc21wTWFnOThqa0tINU1VeWwtYmRQWXRMMEVVZ1Z5aDZaeHM4R3hMbmlXWmRLX2hYS0sxRElKcElLS1VqRDk4bWl0a09DcDJwV3VxdnJ6X3hZam9HMG4xRm9hVE1YbHZINXhvMW9qakF0N1BwOFFkOVVfdzlLazRqbHFnQUx6aDZqdDRYRVZUdzI5VlF1M0xueXdoaWJselo1a2k0XzNqYkpnUU1zbU1vYjFLM1d5VDNwTHg2VnloenUyeVhsNUJld1ctSjZVWWVwU2ZmcnRkXzZFcGhFVzNtMGpraXk2NjJQSHZDa241LUxaUDFDak5KMzZReVVIUnNtOWNkb1l0X2ViU1VQbmxkZ9IBpwJBVV95cUxQZWk4MDZkY2pRenB1blZNWEtQMEJjNlNIcUFJWkY4SE9CMFQzY0VUZlpiTHVWV2s1U1FQb2dkeFowQmhHSVhjRkRIa3pXSlhXVk9xcmlNS3VpUFFvQU9BNENYSktyNU9vQWRhNF83MExVem9YdV9OaVhtR2FBU2ZSblF4dDVJWUxFRmhFS2pWLTVwQTk1dFUtV3FsbEU5Y0NFUE9FYTczLUhNOGtGSmVzT3M5bDNFajRPVUtPaXdaUmhKMS1XZmJuRzVRR3ZneGV6MlYxaWZ5X2lrZFY2cTg0M29ETmtRTHkxSDRFRWUyWTdIbTcxMjNwYmpFUlpLTXZSVHNJdEw1ZF9LV1RVY2laNWJSbjc2R09lQ0ZXc3o1c3ZOVTlLdUxv?oc=5,semana.com,Sergio Fajardo,['agitada'],Neutral,,semana.com
17/12/2025,La arriesgada apuesta de Sergio Fajardo,https://news.google.com/rss/articles/CBMipAFBVV95cUxOdlFITDlEY1VBUUhQbzRmSzJBcVVoQlZMejRVc3NXc2tuYURHMktqZWhKaG1Mbzh1OFZuVWxaQTI5dWJVMEVXRmRPR2pKNHpZdFlOcWVkYkVUNDI2Y1c0RkZDajhJOFQ1OTA3TGlMWUItNzktZjFqSk92bHVmUjhYV2hHR0dEbEZySW9mUTlKdjI3aVltN0ZjX2dqUlNvd0U5MmdpYtIBuAFBVV95cUxPQy1hcElCRk1OQ0Fhc0tlclFmaDAyaGhOZEtjTFBkNnJtd21pQm1RNThhenNYMmZCaW53TkMwNjM4RjZUX0dRTUY5SVVadmNTQkJURFdqX2NiTzRHUERyRGktOGZnWDMyczRWaU1PQkVZZUoxWklQQzlPUzFqNVpXay1CRVNpNzNGY0Q1Y19ab0J6bENjdzAxUk5RQTdCbTltNkZVdXh5ZUltaFhzV1JhbFBDd1BXZXMy?oc=5,elespectador.com,Sergio Fajardo,[],Negativa,,elespectador.com
17/12/2025,Cepeda vs. Fajardo: ¿la final probable?,https://news.google.com/rss/articles/CBMipAFBVV95cUxNTnFBX0xpbTQ0a0dtWkNsQjJYN0U0U3E2Q0xVMXpRZVBKaXVhaXVERmpGRzVhUFRiRW9jM2ZTOVYzTGE4Q3JMTTFCVkJZLUc3RTl6MzJ3TnZXMW9Xel9qakRubktTbWtVUWgzWmlFeTZSYVJTMHJZaEZGcUNwSklvQ3ZkRFVCMUs2SUVEWTBQNmM1R0x4T3dVWjltWXFwZkhwZzVjcdIBpAFBVV95cUxNTnFBX0xpbTQ0a0dtWkNsQjJYN0U0U3E2Q0xVMXpRZVBKaXVhaXVERmpGRzVhUFRiRW9jM2ZTOVYzTGE4Q3JMTTFCVkJZLUc3RTl6MzJ3TnZXMW9Xel9qakRubktTbWtVUWgzWmlFeTZSYVJTMHJZaEZGcUNwSklvQ3ZkRFVCMUs2SUVEWTBQNmM1R0x4T3dVWjltWXFwZkhwZzVjcQ?oc=5,elpais.com,Sergio Fajardo,['probable'],Positiva,,elpais.com
17/12/2025,"¿La gran jugada de Uribe?: Esta elección tenía tres candidatos, por la izquierda comunista, Iván Cepeda, por el centro santista, Sergio Fajardo, y por la derecha, Abelardo de la Espriella; con la decisión del Centro Democrático aparece una cuarta figura, Paloma Valencia",https://www.infobae.com/america/opinion/2025/12/17/la-gran-jugada-de-uribe/,infobae.com,Sergio Fajardo,[],Negativa,,infobae.com
18/12/2025,Seducir a Uribe y aislar a Fajardo: la apuesta de la consulta de centroderecha,https://www.lasillavacia.com/silla-nacional/seducir-a-uribe-y-aislar-a-fajardo-la-apuesta-de-la-consulta-de-centroderecha/,lasillavacia.com,Sergio Fajardo,[],Negativa,,lasillavacia.com
18/12/2025,Seis candidatos irán a consulta presidencial y meten presión a Paloma Valencia y Fajardo,https://www.pulzo.com/nacion/seis-candidatos-acordaron-ir-consulta-presidencial-marzo-piden-apoyos-PP4954741,pulzo.com,Sergio Fajardo,['presidencial'],Negativa,,pulzo.com
18/12/2025,"Tablero de consultas interpartidistas en marzo entró en fase de depuración: Sin Sergio Fajardo ni Abelardo de La Espriella en disposición de ir a urnas en una interpartidista, seis aspirantes sellaron un primer acuerdo, pero los plazos aún están abiertos.",https://www.elespectador.com/politica/elecciones-colombia-2026/asi-se-mueven-las-consultas-para-las-elecciones-del-2026-vicky-davila-sergio-fajardo-juan-manuel-galan-paloma-valencia-alvaro-uribe-ivan-cepeda-noticias-hoy/,elespectador.com,Sergio Fajardo,[],Neutral,,elespectador.com
18/12/2025,"“Me gusta Sergio Fajardo para la Presidencia; el país debe salir de la polarización”: Juan Carlos Losada, representante a la Cámara y hoy candidato al Senado",https://elirreverenteibague.com/noticia/2534026/me-gusta-sergio-fajardo-para-la-presidencia-el-pais-debe-salir-de-la-polarizacion-juan-carlos-losada,elirreverenteibague.com,Sergio Fajardo,[],Positiva,,elirreverenteibague.com
18/12/2025,Alejandro Gaviria se destapó sobre el hecho de haber sido descartado por el Nuevo Liberalismo: “Yo iba a ser la cabeza de lista”,https://www.infobae.com/colombia/2025/12/18/alejandro-gaviria-se-destapo-sobre-el-hecho-de-haber-sido-descartado-por-el-nuevo-liberalismo-yo-iba-a-ser-la-cabeza-de-lista/,infobae.com,Sergio Fajardo,[],Negativa,,infobae.com
18/12/2025,Cepeda vs. Fajardo: ¿la final probable?,https://elcronista.co/columnistas/cepeda-vs-fajardo-la-final-probable,elcronista.co,Sergio Fajardo,[],Positiva,,elcronista.co
19/12/2025,"El eterno reencauche de Fajardo, un tipo tibio pero con buenas ideas",https://www.las2orillas.co/el-eterno-reencauche-de-fajardo-un-tipo-tibio-pero-con-buenas-ideas/,las2orillas.co,Sergio Fajardo,"['eterno', 'tibio', 'buenas']",Positiva,,las2orillas.co
19/12/2025,"Fajardo se planta: “Tengo carácter, propuestas y el equipo para gobernar”",https://contextomedia.com/fajardo-se-planta-tengo-caracter-propuestas-y-el-equipo-para-gobernar/,contextomedia.com,Sergio Fajardo,[],Positiva,,contextomedia.com
19/12/2025,"Paloma Valencia y Juan Carlos Pinzón se acercan a la ""Gran Consulta por Colombia"", conuslta interpartidista de centro derecha",https://www.wradio.com.co/2025/12/19/paloma-valencia-y-juan-carlos-pinzon-se-acercan-a-coalicion-de-centro-derecha/,wradio.com.co,Centro,['derecha'],Neutral,,wradio.com.co
19/12/2025,"La""Gran Consulta por Colombia"" de centro derecha suma nuevo precandidato que se medirá en consulta en marzo: aterriza Daniel Palacios | El Colombiano",https://www.elcolombiano.com/colombia/daniel-palacios-se-une-a-coalicion-centro-derecha-BD31892928,elcolombiano.com,Centro,['nuevo'],Neutral,,elcolombiano.com
19/12/2025,"Daniel Palacios se une a la ""Gran Consulta por Colombia"" de centro derecha",https://www.lasillavacia.com/en-vivo/daniel-palacios-entra-a-la-consulta-de-centroderecha/,lasillavacia.com,Centro,[],Neutral,,lasillavacia.com
19/12/2025,"Nueva coalición de centroderecha,  mueve tablero político: ¿Paloma Valencia y Juan Carlos Pinzón se sumarán o no a la Gran Consulta por Colombia? ¿Habrá más de una consulta interpartidista en la Centro Derecha?",https://www.elnuevosiglo.com.co/politica/campana-presidencial-respuestas-varios-interrogantes-clave,elnuevosiglo.com.co,Centro,"['Nueva', 'político']",Neutral,,elnuevosiglo.com.co
19/12/2025,Daniel Palacios se une a la gran consulta de centro derecha,https://www.laopinion.co/politica/daniel-palacios-se-une-la-gran-consulta-de-la-derecha,laopinion.co,Centro,['gran'],Neutral,,laopinion.co
19/12/2025,Elecciones 2026: Daniel Palacios se suma a ‘la Gran Consulta por Colombia’ de la centroderecha,https://www.elnuevosiglo.com.co/politica/daniel-palacios-se-suma-la-gran-consulta-de-la-centroderecha,elnuevosiglo.com.co,Centro,['Gran'],Neutral,,elnuevosiglo.com.co
